id,title,url,published,locator,review,status,error,accessed,browserReviewed,bytes,sha256,resolvedUrl
safran_outlook,Safran FY2025 / 2028 investor update,https://www.safran-group.com/download/media/450393,2026-02-13,slide 20,Original PDF text reviewed. No chart bar heights digitized.,unavailable,HTTP Error 403: Forbidden,2026-10-05,True,,,
safran_h1_2026,Safran H1 2026 results,https://www.safran-group.com/pressroom/safran-reports-its-first-half-2026-results-2026-07-28,2026-07-28,Organic revenue / propulsion,Civil spare-parts growth includes CFM56 and LEAP; not a CFM56 visit count.,unavailable,HTTP Error 403: Forbidden,2026-10-05,True,,,
ftai_q2,FTAI Q2 2026 supplement,https://ir.ftaiaviation.com/static-files/a8601ed2-7367-4a33-898f-5163eb8b212d,2026-07-29,"slides 13, 20, 29, 42",Original PDF text and endnotes reviewed. Full-utilization capacity includes partnerships.,unavailable,The read operation timed out,2026-10-05,True,,,
ftai_q2_release,FTAI Q2 2026 results / FY2027 guidance,https://ftandi.gcs-web.com/news-releases/news-release-details/ftai-aviation-ltd-reports-second-quarter-2026-results-increases,2026-07-29,Business highlights,"Guidance is management expectations, not sell-side consensus.",unavailable,The read operation timed out,2026-10-05,True,,,
crusoe_microsoft,Crusoe Microsoft Abilene campus,https://www.crusoe.ai/resources/newsroom/crusoe-announces-new-900-mw-ai-factory-campus-in-abilene-texas-to-support-microsoft-ai-infrastructure,2026-03-27,Energy-first AI infrastructure,900 MW on-site plant; two 336 MW IT buildings. Utility energization date and supplier allocation absent.,downloaded,,2026-10-05,True,239216,775c3869801f66ebbadba24c16b86223866a1e0940792b69a0e8cf19ceba5ca0,
crusoe_abilene,Crusoe original Abilene campus,https://www.crusoe.ai/resources/newsroom/crusoe-expands-ai-data-center-campus-in-abilene-to-1-2-gigawatts,2025-03-18,Campus capacity and backup supply,Do not classify backup turbines as unsatisfied primary demand.,downloaded,,2026-10-05,True,241460,04dadf3b8300ec7bedca303fa2ea56188d930d2b99898dc3af6e6a2f5f12f297,
crusoe_bergen,Crusoe / Bergen genset procurement,https://www.crusoe.ai/resources/newsroom/bergen-engines-signs-approx-750mw-u-s-power-agreement-with-crusoe-for-ai-data-centers,2026-06,Initial contract and delivery schedule,438 MW initial contract + 310 MW LOI. Multiple undisclosed sites; not assigned to Microsoft Abilene.,downloaded,,2026-10-05,True,241741,9f9b1dcf768666a87836f82a409b0269fafed690f52f17b98236445b0fa2069b,
oracle_site_update,Oracle five-site progress update,https://blogs.oracle.com/ceo/from-the-q4-earnings-call,2026-06,Five largest sites,Customer delivery is not a grid energization date.,unavailable,HTTP Error 403: Forbidden,2026-10-05,True,,,
vantage_frontier,Vantage Frontier campus announcement,https://vantage-dc.com/news/vantage-data-centers-unveils-plans-for-frontier-a-25b-mega-campus-in-texas-to-meet-unprecedented-ai-demand/,2025-08-19,Campus overview and first delivery,"1,400 MW GPU/IT capacity, not electrical facility input. Original H2 2026 schedule differs from Oracle's later 1H 2027 customer delivery.",unavailable,HTTP Error 403: Forbidden,2026-10-05,True,,,
vantage_lighthouse,Vantage Lighthouse campus specifications,https://vantage-dc.com/data-center-locations/north-america/port-washington-wisconsin,,Campus overview / power,"Current page specifies 902 MW IT, completion 2028, We Energies supply. Prefer this over older approximate 1 GW headlines.",Browser reviewed; no bulk snapshot,,2026-10-05,True,,,
oracle_jupiter,Oracle revised Project Jupiter power plan,https://www.oracle.com/news/announcement/public-review-opens-for-updated-project-jupiter-power-plan-2026-06-03/,2026-06-03,Updated April permit application,Bloom fuel cells replace the earlier gas turbine and diesel design.,downloaded,,2026-10-05,True,32184,c1cd0fc70c2bcc19780036b7afd0f4065883759c8ea42880b5bd05c87facc76b,
saline_brief,Michigan AG Saline / DTE appeal brief,https://www.michigan.gov/ag/-/media/Project/Websites/AG/releases/2026/August/U-21990_AG_Appeal-Brief_380362_380364_380878.pdf?hash=72E2301BC667221A3A45D752047F7F4E&rev=ac0f30a1536c42f0bb28fcb1cb441a29,2026-08-06,"PDF p. 21, statement of facts; quoting DTE application",1.4 GW load ramps Jan–Dec 2027. It does not establish an uncovered load interval.,Browser reviewed; no bulk snapshot,,2026-10-05,True,,,
saline_dte,DTE Saline planned service timing,https://www.dteenergy.com/us/en/newsroom/2026/DTE-Energy-intends-to-pause-future-electric-rate-requests-following-upcoming-filing-as-data-centers-come-online.html,2026-05,First data-center project by end-2027,Utility target is conditional. No full monthly service ramp disclosed here.,Browser reviewed; no bulk snapshot,,2026-10-05,True,,,
dominion_gs5,Dominion GS-5 large-load report,https://sustainability.dominionenergy.com/GS-5%20Large%20Load%20Rate%20Class%20Report.pdf,2026-05,"p. 2, energization queue; pp. 4–5, contracting",45 GW has no assigned energization date; 25 GW assigned through 2031. Not independent of PJM data.,downloaded,,2026-10-05,True,13831372,400960b6d54f7d37761405bf38ea0d9f9358dc836ae4afe7f0445516c9e5eb92,
dominion_apollo,Dominion Twin Creeks / Apollo filing,https://www.dominionenergy.com/-/media/content/about/power-line-projects/nova/pdfs/application-documents/application-volume-3-of-3-2024.pdf,2024,Indexed project need text and substation schedule,"Full PDF acquisition failed. 1,372 MW cluster and 2028 Lunar/Apollo text are screening leads; current scope and dates unverified.",unavailable,Cannot find Root object in pdf,2026-10-05,True,9751708,9e303b145a71479eb86ad0b581ab56139cbaf458916441dfaaafe7d099c2fc67,
pjm_2026,PJM revised 2026 load forecast,https://insidelines.pjm.com/pjms-updated-20-year-forecast-continues-to-see-significant-long-term-load-growth/,2026-01-14,Forecast comparison table / firm commitments,"2027 peak 160,451 MW, down 3,735 from prior forecast. System peak is not data-center load or a turbine TAM.",downloaded,,2026-10-05,True,185759,855728904a359c508b218f3905aa2d74277619908c1236716bb23e281679f647,
ceros_inventory,FTAI / AAR CFM56 material page,https://view.ceros.com/fortress-investment/cfm56material/p/1,2024-02-07,Embedded publication metadata / module program,60-module shelf claim is historical marketing. Responsive duplicates are not additional inventory.,downloaded,,2026-10-05,True,79135,3d3dea0cd5b29e5762d31f8e54043163971894425df137c8dfb5cab7d79aff7c,
ceros_payload,Public Ceros interaction payload,https://media.ceros.com/fortress-investment/doc-version-json/v11/experience-version-65c3e59f6da8b.js,2024-02-07,Module Store click interactions,"Links to Salesforce self-registration, not a downloadable public serial list.",downloaded,,2026-10-05,True,1522393,2640b4a3f2d893e2c4effd4d57f31d5a5b81cd5d33b6809c4d78216d68d7b8e9,
module_store,FTAI Module Store registration destination,https://ftaiaviation.force.com/modulestore/s/login/SelfRegister,,Destination linked by Ceros,Destination did not resolve during acquisition. No authenticated stock data accessed.,unavailable,<urlopen error [Errno 11001] getaddrinfo failed>,2026-10-05,False,,,
wayback_ceros,Wayback CDX inventory-page capture index,https://web.archive.org/cdx/search/cdx?url=view.ceros.com%2Ffortress-investment%2Fcfm56material%2Fp%2F1&output=json&filter=statuscode%3A200&collapse=timestamp%3A6&limit=12,,Indexed captures; oldest and latest in returned limited set,Limited index query is not a complete archive census. Two HTML captures independently acquired.,downloaded,,2026-10-05,True,2478,d746f825be9ed1f66c52a1d5df54afc87a3ebb453304432d5909693fe07e52be,
market_quote,FTAI quote-provider observation,https://finance.yahoo.com/quote/FTAI/,2026-10-05 America/Chicago,Finance tool: latest trade 2026-10-06 00:15:00 UTC,"Price 164.70 from finance tool. Yahoo page returned 429; link is a quote lookup, not an independent corroboration. No live refresh or consensus implied.",Browser reviewed; no bulk snapshot,,2026-10-05,False,,,
inventory_sheet,User-supplied FTAI inventory Google Sheet,https://docs.google.com/spreadsheets/d/17v30PxGEzR5UNq8yL1Gxf-IGMwjgZEvrmreZQnM9N_U/edit?gid=1561108781,,"gid 1561108781, header row 4; quantities in N; control N3","User-supplied compilation of displayed stock images. Column N controls included quantity; 14 possible-overlap rows and 2 unresolved identifier rows are not counted. Stock dates, ownership and Power qualification are not established. An ESN attached to LLPs identifies provenance, not a complete available engine. Two of 12 source images spot-checked: 5B LPT material and Core LLPs; full transcription reconciliation outstanding.",downloaded,,2026-10-05,False,47612,ca5239024c51aa97a6d01d5e084261142ad26b103af006ef718982cf27aff19d,https://doc-00-2g-sheets.googleusercontent.com/export/f3kk9gtum31ktuqh54kn7i1e14/vu6mjsj6edibi1pkk1npvt8svk/1791252895000/100341597857023497526/*/17v30PxGEzR5UNq8yL1Gxf-IGMwjgZEvrmreZQnM9N_U?format=csv&gid=1561108781
gev_capacity,GE Vernova Q2 2026 supply guidance,https://www.gevernova.com/news/articles/ge-vernova-releases-second-quarter-2026-financial-results,2026-07-22,Results highlights and CEO statement,Global supply pressure; free 2027–28 slots undisclosed,Browser-reviewed public source; raw capture unavailable,,2026-10-05,,,,
jereh_careers,Jereh official careers page,https://www.jereh-nag.com/careers/careers.jsp,,Six displayed titles; release labels July 2025,Historical matched opening counts unavailable,Browser-reviewed public source; raw capture unavailable,,2026-10-05,,,,
jereh_sourcing,Jereh gas-turbine sourcing role,https://www.linkedin.com/jobs/view/senior-strategic-sourcing-manager-%E2%80%93-power-generation-gas-turbines-at-jereh-north-america-group-4469616069,,"Employer-posted description, ID 4469616069",Exact posting date unknown; capability signal only,Browser-reviewed public source; raw capture unavailable,,2026-10-05,,,,
faa_llp,FAA engine life-limited parts guidance,https://www.faa.gov/documentLibrary/media/Advisory_Circular/AC_33_70-1_Chg_1.pdf,2017-02-24,AC 33.70-1 Change 1,Operating limits and records; aircraft age is not engine eligibility,Browser-reviewed public source; raw capture unavailable,,2026-10-05,,,,
ftai_recruiting,FTAI company recruiting campaign,https://www.linkedin.com/posts/ftai-aviation-llc_ftaiaviation-powerfortheaftermarket-ftaipower-activity-7456058491481464832-uGku,,Company post indexed with FTAI Power tag,Exact posting date unverified; not a job-count series,Browser-reviewed public source; raw capture unavailable,,2026-10-05,,,,
