registration,engineManufacturer,engineModel,aircraftYear,registrationStatus
101DQ,CFM INTL,CFM56-5B3/3,2020,V
102DN,CFM INTL,CFM56-5B3/3,2020,V
102UW,CFM INTL.,CFM56 SERIES,1998,V
103DY,CFM INTL,CFM56-5B3/3,2020,V
103US,CFM INTL.,CFM56 SERIES,1999,V
104UW,CFM INTL.,CFM56 SERIES,1999,V
105DX,CFM INTL,CFM56-5B3/3,2020,V
105UW,CFM INTL.,CFM56 SERIES,1999,V
106DN,CFM INTL,CFM56-5B3/3,2020,V
107DN,CFM INTL,CFM56-5B3/3,2020,V
107US,CFM INTL.,CFM56 SERIES,1999,V
108DN,CFM INTL,CFM56-5B3/3,2021,V
108MS,CFM INTL.,CFM56 SERIES,2002,V
108UW,CFM INTL.,CFM56 SERIES,1999,V
109DN,CFM INTL,CFM56-5B3/3,2021,V
109UW,CFM INTL.,CFM56 SERIES,1999,V
110DX,CFM INTL,CFM56-5B3/3,2021,V
110UW,CFM INTL.,CFM56 SERIES,1999,V
111DC,CFM INTL,CFM56-5B3/3,2021,V
111US,CFM INTL.,CFM56 SERIES,1999,V
11206,CFM INTL.,CFM56 SERIES,2000,V
112DN,CFM INTL,CFM56-5B3/3,2021,V
112US,CFM INTL.,CFM56 SERIES,1999,V
113DX,CFM INTL,CFM56-5B3/3,2021,V
114DN,CFM INTL,CFM56-5B3/3,2021,V
114UW,CFM INTL.,CFM56 SERIES,1999,V
115DN,CFM INTL,CFM56-5B3/3,2021,V
116DN,CFM INTL,CFM56-5B3/3,2021,V
117DX,CFM INTL,CFM56-5B3/3,2021,V
117UW,CFM INTL.,CFM56 SERIES,2000,V
118DY,CFM INTL,CFM56-5B3/3,2021,V
118US,CFM INTL.,CFM56 SERIES,2000,V
119DN,CFM INTL,CFM56-5B3/3,2021,V
119US,CFM INTL.,CFM56 SERIES,2000,V
12028,CFM INTL,CFM56-5B7,2015,V
120DN,CFM INTL,CFM56-5B3/3,2021,V
121DZ,CFM INTL,CFM56-5B3/3,2021,V
121UW,CFM INTL.,CFM56 SERIES,2000,V
12216,CFM INTL.,CFM56 SERIES,1998,V
12218,CFM INTL.,CFM56 SERIES,1998,V
12221,CFM INTL.,CFM56 SERIES,1998,V
12225,CFM INTL.,CFM56 SERIES,1998,V
12238,CFM INTL.,CFM56 SERIES,1999,V
122DN,CFM INTL,CFM56-5B3/3,2021,V
122US,CFM INTL.,CFM56 SERIES,2000,V
123DW,CFM INTL,CFM56-5B3/3,2021,V
123UW,CFM INTL.,CFM56 SERIES,2000,V
124DX,CFM INTL,CFM56-5B3/3,2021,V
124US,CFM INTL.,CFM56 SERIES,2000,V
125DN,CFM INTL,CFM56-5B3/3,2021,V
125UW,CFM INTL,CFM56-5B4,2009,V
126DN,CFM INTL,CFM56-5B3/3,2021,V
126UW,CFM INTL,CFM56-5B4,2009,V
12754,CFM INTL,CFM56-7B22,2002,V
127DN,CFM INTL,CFM56-5B3/3,2021,V
127UW,CFM INTL,CFM56-5B4,2010,V
128DN,CFM INTL,CFM56-5B3/3,2021,V
128UW,CFM INTL,CFM56-5B4,2010,V
129DN,CFM INTL,CFM56-5B3/3,2021,V
13227,CFM INTL.,CFM56 SERIES,1999,V
13248,CFM INTL.,CFM56 SERIES,1999,V
13716,CFM INTL.,CFM56 SERIES,1998,V
13718,CFM INTL.,CFM56 SERIES,1999,V
13720,CFM INTL.,CFM56 SERIES,1999,V
13750,CFM INTL.,CFM56 SERIES,1999,V
137CG,CFM INTL,CFM56-3B-1,1995,V
138CG,GE,CFM56 SERIES,1995,V
14214,CFM INTL.,CFM56 SERIES,1998,V
14219,CFM INTL.,CFM56 SERIES,1998,V
14228,CFM INTL.,CFM56 SERIES,1999,V
14230,CFM INTL.,CFM56 SERIES,1999,V
14231,CFM INTL.,CFM56 SERIES,1999,V
14235,CFM INTL.,CFM56 SERIES,1999,V
14237,CFM INTL.,CFM56 SERIES,1999,V
14240,CFM INTL.,CFM56 SERIES,1999,V
14242,GE,CFM56 SERIES,1999,V
14249,CFM INTL.,CFM56 SERIES,1999,V
14250,CFM INTL.,CFM56 SERIES,1999,V
14704,CFM INTL.,CFM56 SERIES,1998,V
14731,CFM INTL.,CFM56 SERIES,1999,V
14735,CFM INTL.,CFM56 SERIES,1999,V
149XA,CFM INTL,CFM56-3C1,1993,V
150UW,CFM INTL,CFM56-5B3/P,2013,V
151UW,CFM INTL,CFM56-5B3/P,2013,V
152UW,CFM INTL,CFM56-5B3/P,2013,V
153UW,CFM INTL,CFM56-5B3/P,2013,V
154TS,CFM INTL,CFM56-7B24,2002,V
154UW,CFM INTL,CFM56-5B3/3,2013,V
155UW,CFM INTL,CFM56-5B3/P,2013,V
156UW,CFM INTL,CFM56-5B3/3,2013,V
15710,CFM INTL.,CFM56 SERIES,1998,V
15712,CFM INTL.,CFM56 SERIES,1998,V
15751,CFM INTL,CFM56-7B22,1999,V
157UW,CFM INTL,CFM56-5B3/3,2013,V
161UW,CFM INTL.,CFM56 SERIES,2001,V
16217,CFM INTL.,CFM56 SERIES,1998,V
16234,CFM INTL.,CFM56 SERIES,1999,V
162UW,CFM INTL.,CFM56 SERIES,2001,V
162WC,CFM INTL,CFM56-7B27/B3,1999,V
163US,CFM INTL.,CFM56 SERIES,2001,V
165US,CFM INTL.,CFM56 SERIES,2001,V
16701,CFM INTL.,CFM56 SERIES,1998,V
16703,CFM INTL.,CFM56 SERIES,1998,V
16709,CFM INTL.,CFM56 SERIES,1998,V
16713,CFM INTL.,CFM56 SERIES,1998,V
16732,CFM INTL.,CFM56 SERIES,1999,V
167US,CFM INTL.,CFM56 SERIES,2001,V
169UW,CFM INTL.,CFM56 SERIES,2001,V
170US,CFM INTL.,CFM56 SERIES,2001,V
171US,CFM INTL.,CFM56 SERIES,2001,V
17229,CFM INTL.,CFM56 SERIES,1999,V
17233,CFM INTL.,CFM56 SERIES,1999,V
17244,CFM INTL.,CFM56 SERIES,1999,V
17245,CFM INTL.,CFM56 SERIES,1999,V
172US,CFM INTL.,CFM56 SERIES,2001,V
173US,CFM INTL.,CFM56 SERIES,2001,V
176UW,CFM INTL.,CFM56 SERIES,2001,V
17719,CFM INTL.,CFM56 SERIES,1999,V
17730,CFM INTL.,CFM56 SERIES,1999,V
17752,CFM INTL,CFM56-7B24,1999,V
17753,CFM INTL,CFM56-7B22,2002,V
177XF,CFM INTL,CFM56-5B6/P,2006,V
178US,CFM INTL.,CFM56 SERIES,2001,V
179UW,CFM INTL.,CFM56 SERIES,2001,V
180US,CFM INTL.,CFM56 SERIES,2001,V
18220,CFM INTL.,CFM56 SERIES,1998,V
18223,CFM INTL.,CFM56 SERIES,1998,V
18243,GE,CFM56 SERIES,1999,V
182UW,CFM INTL.,CFM56 SERIES,2001,V
183UW,CFM INTL.,CFM56 SERIES,2001,V
184US,CFM INTL.,CFM56 SERIES,2002,V
185UW,CFM INTL.,CFM56 SERIES,2002,V
186US,CFM INTL.,CFM56 SERIES,2002,V
187US,CFM INTL.,CFM56 SERIES,2002,V
188NV,CFM INTL,CFM56-5B4/3,2013,V
188US,CFM INTL.,CFM56 SERIES,2002,V
189NV,CFM INTL,CFM56-5B4/3,2013,V
189UW,CFM INTL.,CFM56 SERIES,2001,V
190NV,CFM INTL,CFM56-5B4/3,2015,V
190UW,CFM INTL.,CFM56 SERIES,2001,V
191NV,CFM INTL,CFM56-5B4/3,2015,V
191UW,CFM INTL.,CFM56 SERIES,2001,V
192NV,CFM INTL,CFM56-5B4/3,2015,V
192UW,CFM INTL.,CFM56 SERIES,2001,V
193NV,CFM INTL,CFM56-5B4/3,2015,V
193UW,CFM INTL,CFM56-5B3/P,2008,V
194NV,CFM INTL,CFM56-5B4/3,2015,V
195AV,CFM INTL,CFM56-5B4,2012,V
195NV,CFM INTL,CFM56-5B4/3,2016,V
195UW,CFM INTL,CFM56-5B3/P,2008,V
196NV,CFM INTL,CFM56-5B4/3,2016,V
196UW,CFM INTL,CFM56-3B,2009,V
197NV,CFM INTL,CFM56-5B4/3,2016,V
197UW,CFM INTL,CFM56-5B3/P,2009,V
198NV,CFM INTL,CFM56-5B4/3,2016,V
198UW,CFM INTL,CFM56-5B3/P,2013,V
199NV,CFM INTL,CFM56-5B4/3,2016,V
199UW,CFM INTL,CFM56-5B3/P,2013,V
200NV,CFM INTL,CFM56-7B24E,2016,V
200WN,CFM INTL.,CFM56 SERIES,2005,V
201FR,CFM INTL,CFM56-5B4,2008,V
201LV,CFM INTL.,CFM56 SERIES,2005,V
202FR,CFM INTL,CFM56-5B4,2008,V
202NV,CFM INTL,CFM56-5B4/3,2013,V
203NV,CFM INTL,CFM56-5B4/3,2012,V
203WN,CFM INTL.,CFM56 SERIES,2005,V
204NV,CFM INTL,CFM56-5B4,2012,V
204WN,CFM INTL.,CFM56 SERIES,2005,V
205NV,CFM INTL,CFM56-5B4/3,2013,V
205WN,CFM INTL.,CFM56 SERIES,2005,V
206FR,CFM INTL,CFM56-5B4,2010,V
206NV,CFM INTL,CFM56-5B4/3,2012,V
206WN,CFM INTL.,CFM56 SERIES,2005,V
207FR,CFM INTL,CFM56-5B4,2010,V
207NV,CFM INTL,CFM56-5B4/3,2013,V
207WN,CFM INTL.,CFM56 SERIES,2005,V
208NV,CFM INTL,CFM56-5B4/3,2013,V
208WN,CFM INTL.,CFM56 SERIES,2005,V
209NV,CFM INTL,CFM56-5B4/3,2013,V
209WN,CFM INTL.,CFM56 SERIES,2005,V
20TM,CFM INTL,CFM56-7B27/B3,2010,V
210NV,CFM INTL,CFM56-5B4/3,2013,V
210WN,CFM INTL.,CFM56 SERIES,2005,V
211NV,CFM INTL,CFM56-5B4/3,2013,V
211WN,CFM INTL.,CFM56 SERIES,2005,V
212NV,CFM INTL,CFM56-5B4/3,2013,V
212WN,CFM INTL.,CFM56 SERIES,2005,V
213WN,CFM INTL.,CFM56 SERIES,2005,V
214AK,CFM INTL,CFM56-7B27E,2019,V
214WN,CFM INTL.,CFM56 SERIES,2005,V
215AK,CFM INTL,CFM56-7B27E,2019,V
215NV,CFM INTL,CFM56-5B4/P,2000,V
215WN,CFM INTL.,CFM56 SERIES,2005,V
216WR,CFM INTL.,CFM56 SERIES,2005,V
21723,CFM INTL.,CFM56 SERIES,1999,V
217JC,CFM INTL.,CFM56 SERIES,2005,V
218NV,CFM INTL,CFM56-5B4/P,2000,V
218WN,CFM INTL.,CFM56 SERIES,2005,V
219NV,CFM INTL,CFM56-5B4/P,2000,V
219WN,CFM INTL.,CFM56 SERIES,2005,V
220NV,CFM INTL,CFM56-5B4/P,2000,V
220WN,CFM INTL.,CFM56 SERIES,2005,V
221WN,GE,CFM56 SERIES,2005,V
222WN,GE,CFM56 SERIES,2005,V
224AK,CFM INTL,CFM56-7B27E,2016,V
224WN,CFM INTL.,CFM56 SERIES,2005,V
225WN,CFM INTL.,CFM56 SERIES,2005,V
226WN,CFM INTL.,CFM56 SERIES,2005,V
227WN,CFM INTL.,CFM56 SERIES,2005,V
228NV,CFM INTL,CFM56-5B4/P,1997,V
228WN,CFM INTL.,CFM56 SERIES,2005,V
229WN,CFM INTL.,CFM56 SERIES,2006,V
230AC,CFM INTL,CFM56-5B4/3,2008,V
230FR,CFM INTL,CFM56-5B4/3,2015,V
230NV,CFM INTL,CFM56-5B4/P,2001,V
231WN,CFM INTL.,CFM56 SERIES,2006,V
232FR,CFM INTL,CFM56-5B4/3,2015,V
232WN,CFM INTL.,CFM56 SERIES,2006,V
233FR,CFM INTL,CFM56-5B4/3,2016,V
233NV,CFM INTL,CFM56-5B5/P,2003,V
234WN,CFM INTL.,CFM56 SERIES,2006,V
235FR,CFM INTL,CFM56-5B4/3,2016,V
235JF,CFM INTL,CFM56-7B27/B3,,V
236AK,CFM INTL,CFM56-7B27E,2016,V
236FR,CFM INTL,CFM56-5B4/3,2016,V
236WN,CFM INTL.,CFM56 SERIES,2006,V
23707,CFM INTL.,CFM56 SERIES,1998,V
23708,CFM INTL.,CFM56 SERIES,1998,V
23721,CFM INTL.,CFM56 SERIES,1999,V
237AK,CFM INTL,CFM56-7B27E,2016,V
238AK,CFM INTL,CFM56-7B27E,2016,V
238FR,CFM INTL,CFM56-5B4/3,2016,V
240WN,CFM INTL,CFM56-7B24,2006,V
241WN,CFM INTL,CFM56-7B24,2006,V
24202,CFM INTL.,CFM56 SERIES,2000,V
24211,CFM INTL.,CFM56 SERIES,1998,V
24212,CFM INTL.,CFM56 SERIES,1998,V
24224,CFM INTL.,CFM56 SERIES,1998,V
242WN,CFM INTL,CFM56-7B24,2006,V
243WN,CFM INTL,CFM56-7B24,2006,V
244WN,CFM INTL,CFM56-7B24,2006,V
245AC,CFM INTL.,CFM56-7B,2007,V
245WN,CFM INTL,CFM56-7B24,2006,V
246LV,CFM INTL,CFM56-7B24,2006,V
246NV,CFM INTL,CFM56-5B4/3,2017,V
24702,GE,CFM56 SERIES,1998,V
24706,CFM INTL.,CFM56 SERIES,1998,V
24715,CFM INTL.,CFM56 SERIES,1998,V
24729,CFM INTL.,CFM56 SERIES,1999,V
24736,CFM INTL.,CFM56 SERIES,1999,V
247AK,CFM INTL,CFM56-7B27E,2016,V
247NV,CFM INTL,CFM56-5B4/3,2017,V
247WN,CFM INTL,CFM56-7B24,2006,V
248AK,CFM INTL,CFM56-7B27E,2016,V
248NV,CFM INTL,CFM56-5B4/3,2017,V
248WN,CFM INTL,CFM56-7B24,2006,V
249NV,CFM INTL,CFM56-5B4/3,2017,V
249WN,CFM INTL,CFM56-7B24,2006,V
250NV,CFM INTL,CFM56-5B4/3,2017,V
250WN,CFM INTL,CFM56-7B24,2006,V
251NV,CFM INTL,CFM56-5B4/3,2017,V
251WN,CFM INTL,CFM56-7B24,2006,V
25201,CFM INTL.,CFM56 SERIES,1999,V
252NV,CFM INTL,CFM56-5B4/3,2017,V
252WN,CFM INTL,CFM56-7B24,2006,V
253AC,CFM INTL,CFM56-5B4/3,2008,V
253AK,CFM INTL,CFM56-7B27E,2016,V
253NV,CFM INTL,CFM56-5B4/3,2017,V
253WN,CFM INTL,CFM56-7B24,2006,V
254NV,CFM INTL,CFM56-5B4/3,2017,V
254WN,CFM INTL,CFM56-7B24,2006,V
255NV,CFM INTL,CFM56-5B4/3,2017,V
255WN,CFM INTL,CFM56-7B24,2006,V
256NV,CFM INTL,CFM56-5B4/3,2018,V
256WN,CFM INTL,CFM56-7B24,2006,V
257NV,CFM INTL,CFM56-5B4/3,2018,V
257WN,CFM INTL,CFM56-7B24,2006,V
258NV,CFM INTL,CFM56-5B6/P,2009,V
258WN,CFM INTL,CFM56-7B24,2006,V
259NV,CFM INTL,CFM56-5B4/3,2009,V
259WN,CFM INTL,CFM56-7B24,2006,V
260AC,CFM INTL,CFM56-7B26,2006,V
260AK,CFM INTL,CFM56-7B27E,2016,V
260NV,CFM INTL,CFM56-5B4/3,2009,V
260WN,CFM INTL,CFM56-7B24,2006,V
261NV,CFM INTL,CFM56-5B4/3,2009,V
261WN,CFM INTL,CFM56-7B24,2006,V
26208,CFM INTL.,CFM56 SERIES,2000,V
26210,CFM INTL.,CFM56 SERIES,1998,V
26215,CFM INTL.,CFM56 SERIES,1998,V
26226,CFM INTL.,CFM56 SERIES,1998,V
26232,CFM INTL.,CFM56 SERIES,1999,V
262NV,CFM INTL,CFM56-5B4/3,2009,V
262WN,CFM INTL,CFM56-7B24,2006,V
263AK,CFM INTL,CFM56-7B27E,2016,V
263LM,CFM INTL,CFM56-3C1,1994,V
263WN,CFM INTL,CFM56-7B24,2007,V
264AK,CFM INTL,CFM56-7B27E,2016,V
264LM,CFM INTL,CFM56-3C1,,V
264LV,CFM INTL,CFM56-7B24,2007,V
265AK,CFM INTL,CFM56-7B27E,2016,V
265WN,CFM INTL,CFM56-7B24,2007,V
266AK,CFM INTL,CFM56-7B27E,2016,V
266WN,CFM INTL,CFM56-7B24,2007,V
267AK,CFM INTL,CFM56-7B27E,2017,V
267WN,CFM INTL,CFM56-7B24,2007,V
268AK,CFM INTL,CFM56-7B27E,2017,V
268WN,CFM INTL,CFM56-7B24,2007,V
269WN,CFM INTL,CFM56-7B24,2007,V
2708E,CFM INTL,CFM56-7B27E,2012,V
270AK,CFM INTL,CFM56-7B27E,2017,V
271NV,CFM INTL,CFM56-5B4/P,2006,V
27205,CFM INTL.,CFM56 SERIES,2000,V
27213,CFM INTL.,CFM56 SERIES,1998,V
27239,CFM INTL.,CFM56 SERIES,1999,V
27246,CFM INTL.,CFM56 SERIES,1999,V
272AK,CFM INTL,CFM56-7B27E,2017,V
272NV,CFM INTL,CFM56-5B4,2007,V
272WN,CFM INTL,CFM56-7B24,2007,V
273AK,CFM INTL,CFM56-7B27E,2017,V
273NV,CFM INTL,CFM56-5B4/P,2007,V
273RH,CFM INTL,CFM56-7B22,2003,V
273WN,CFM INTL,CFM56-7B24,2007,V
27421,CFM INTL,CFM56-7B26,2008,V
27477,CFM INTL,CFM56-7B27E,2013,V
274AK,CFM INTL,CFM56-7B27E,2017,V
274NV,CFM INTL,CFM56-5B4/P,2007,V
274WN,CFM INTL,CFM56-7B24,2007,V
275AK,CFM INTL,CFM56-7B27E,2017,V
275WN,CFM INTL,CFM56-7B24,2007,V
276GX,CFM INTL,CFM56-5B4/P,2006,V
276NV,CFM INTL,CFM56-5B4/3,2019,V
276WN,CFM INTL,CFM56-7B24,2007,V
27722,CFM INTL.,CFM56 SERIES,1999,V
27724,CFM INTL.,CFM56 SERIES,1999,V
27733,CFM INTL.,CFM56 SERIES,1999,V
27734,CFM INTL.,CFM56 SERIES,1999,V
277AK,CFM INTL,CFM56-7B27E,2017,V
277EA,CFM INTL,CFM56-7B27/B1,2001,V
277NV,CFM INTL,CFM56-5B4/P,2007,V
277WN,CFM INTL,CFM56-7B24,2007,V
278AK,CFM INTL,CFM56-7B27E,2017,V
278GX,CFM INTL,CFM56-5B4/P,2003,V
278NV,CFM INTL,CFM56-5B4,2010,V
278WN,CFM INTL,CFM56-7B24,2007,V
279AD,CFM INTL,CFM56-3C,1992,V
279WN,CFM INTL,CFM56-7B24,2007,V
280AK,CFM INTL,CFM56-7B27E,2017,V
280WN,CFM INTL,CFM56-7B24,2007,V
281AK,CFM INTL,CFM56-7B27E,2017,V
281AV,CFM INTL,CFM56-5B4,2010,V
281GX,CFM INTL,CFM56-5B4/P,2006,V
281WN,CFM INTL,CFM56-7B24,2007,V
28252,CFM INTL,CFM56-7B26,2002,V
282AA,CFM INTL,CFM56-3C,,V
282AD,CFM INTL,CFM56-7B27,2000,V
282AK,CFM INTL,CFM56-7B27E,2017,V
282GX,CFM INTL,CFM56-5B4/P,2006,V
282WN,CFM INTL,CFM56-7B24,2007,V
283AK,CFM INTL,CFM56-7B27E,2017,V
283WN,CFM INTL,CFM56-7B24,2007,V
28457,CFM INTL,CFM56-7B26E,2012,V
28478,CFM INTL,CFM56-7B27E,2013,V
284AK,CFM INTL,CFM56-7B27E,2017,V
284AV,CFM INTL,CFM56-5B4,2010,V
284NV,CFM INTL,CFM56-5B4/3,2012,V
284WN,CFM INTL,CFM56-7B24,2007,V
285AK,CFM INTL,CFM56-7B27E,2018,V
285GX,CFM INTL.,CFM56 SERIES,2006,V
285NV,CFM INTL,CFM56-5B4/3,2012,V
285WN,CFM INTL,CFM56-7B24,2007,V
285XA,CFM INTL,CFM56-3C,1993,V
286NV,CFM INTL,CFM56-5B4/3,2010,V
286WN,CFM INTL.,CFM56 SERIES,2004,V
287AK,CFM INTL,CFM56-7B27E,2018,V
287NV,CFM INTL,CFM56-5B4/3,2010,V
287WN,CFM INTL,CFM56-7B24,2007,V
288AK,CFM INTL,CFM56-7B27E,2018,V
288NV,CFM INTL,CFM56-5B4/3,2010,V
288WN,CFM INTL,CFM56-7B24,2007,V
289CT,CFM INTL,CFM56-7B24,2007,V
289GX,CFM INTL,CFM56-5B4,,V
289NV,CFM INTL,CFM56-5B4/3,2011,V
290AK,CFM INTL,CFM56-7B27E,2018,V
290BR,CFM INTL.,CFM56-7B,1999,V
290NV,CFM INTL,CFM56-5B4/P,2004,V
290WN,CFM INTL,CFM56-7B24,2007,V
291GX,CFM INTL,CFM56-5B4,2007,V
291NV,CFM INTL,CFM56-5B4/3,2004,V
291WN,CFM INTL,CFM56-7B24,2007,V
292AK,CFM INTL,CFM56-7B27E,2018,V
292WN,CFM INTL,CFM56-7B24,2007,V
293AK,CFM INTL,CFM56-7B27E,2018,V
293NV,CFM INTL,CFM56-5B4/3,2011,V
293WN,CFM INTL,CFM56-7B24,2007,V
294AK,CFM INTL,CFM56-7B27E,2018,V
294WN,CFM INTL,CFM56-7B24,2007,V
295CL,CFM INTL,CFM56-3C,1993,V
295WN,CFM INTL,CFM56-7B24,2007,V
296AK,CFM INTL,CFM56-7B27E,2018,V
296NV,CFM INTL,CFM56-5B4/P,2006,V
296WN,CFM INTL,CFM56-7B24,2007,V
29717,CFM INTL.,CFM56 SERIES,1999,V
297AK,CFM INTL,CFM56-7B27E,2019,V
297NV,CFM INTL,CFM56-5B4/P,2006,V
297WN,CFM INTL,CFM56-7B24,2007,V
298AK,CFM INTL,CFM56-7B27E,2019,V
298NV,CFM INTL,CFM56-5B4/P,2006,V
298WN,CFM INTL,CFM56-7B24/3,2007,V
299NV,CFM INTL,CFM56-5B4/3,2011,V
300EK,CFM INTL.,CFM56 SERIES,1997,V
300SW,CFM INTL.,CFM56 SERIES,1984,V
3014R,CFM INTL,CFM56-5B6,2013,V
301DV,CFM INTL,CFM56-5B2,2016,V
301KH,CFM INTL,CFM56-3C1,1995,V
301NB,CFM INTL.,CFM56 SERIES,1999,V
301NV,CFM INTL,CFM56-5B6/P,2004,V
301NW,CFM INTL,CFM56-7B24E,2016,V
301PA,CFM INTL,CFM56-7B24E,2016,V
301SR,CFM INTL,CFM56-7B27EB3,2011,V
302DN,CFM INTL,CFM56-5B2,2016,V
302NB,CFM INTL.,CFM56 SERIES,1999,V
302NV,CFM INTL,CFM56-5B6/P,2005,V
303DN,CFM INTL,CFM56-5B2,2016,V
303KH,CFM INTL,CFM56-3C1,1999,V
30401,CFM INTL.,CFM56 SERIES,2001,V
304DN,CFM INTL,CFM56-5B2,2016,V
304KH,CFM INTL,CFM56-3C1,1998,V
305DN,CFM INTL,CFM56-5B2,2016,V
305NX,CFM INTL,CFM56-7B24E,2016,V
3069A,CFM INTL,CFM56-7B26,,V
306DN,CFM INTL,CFM56-5B3/3,2016,V
306NV,CFM INTL,CFM56-5B6/P,2005,V
306NY,CFM INTL,CFM56-7B24E,2016,V
306PB,CFM INTL,CFM56-7B24E,2017,V
307DX,CFM INTL,CFM56-5B2,2016,V
307GT,CFM INTL,CFM56-3C1,1993,V
307NV,CFM INTL,CFM56-5B4/P,2005,V
308BR,CFM INTL.,CFM56-7B,2001,V
308DN,CFM INTL,CFM56-5B2,2016,V
309DE,CFM INTL,CFM56-7B26/3,2009,V
309DN,CFM INTL,CFM56-5B2,2016,V
309NV,CFM INTL,CFM56-5B5/P,2007,V
309PC,CFM INTL,CFM56-7B24E,2017,V
30AS,CFM INTL,CFM56-7B22,1999,V
310AG,CFM INTL.,CFM56-7B,2001,V
310DE,CFM INTL,CFM56-7B26/3,2009,V
310DN,CFM INTL,CFM56-5B2,2016,V
311DN,CFM INTL,CFM56-5B2,2016,V
311GT,CFM INTL,CFM56-3C1,1995,V
311MS,CFM INTL.,CFM56 SERIES,2004,V
311NV,CFM INTL,CFM56-5B5,2006,V
312DN,CFM INTL,CFM56-5B2,2016,V
312NV,CFM INTL,CFM56-5B5/P,2004,V
313DN,CFM INTL,CFM56-5B2,2016,V
313NV,CFM INTL,CFM56-5B5/P,2004,V
313XA,CFM INTL,CFM56-3C1,1991,V
31412,CFM INTL.,CFM56 SERIES,2002,V
314BR,CFM INTL,CFM56-7B26/3,2010,V
314DN,CFM INTL,CFM56-5B3/3,2016,V
314NB,CFM INTL.,CFM56 SERIES,2000,V
314PD,CFM INTL,CFM56-7B24E,2017,V
314XA,CFM INTL,CFM56-3C1,1991,V
3159G,CFM INTL,CFM56-7B26,2007,V
315DN,CFM INTL,CFM56-5B2,2016,V
315NB,CFM INTL.,CFM56 SERIES,2000,V
315PE,CFM INTL,CFM56-7B24E,2017,V
315TS,CFM INTL.,CFM56 SERIES,2000,V
316DN,CFM INTL,CFM56-5B3/3,2017,V
316NB,CFM INTL.,CFM56 SERIES,2000,V
316NV,CFM INTL,CFM56-5B5/P,2005,V
316PF,CFM INTL,CFM56-7B24E,2017,V
317DN,CFM INTL,CFM56-5B2,2017,V
317NB,CFM INTL.,CFM56 SERIES,2000,V
317PG,CFM INTL,CFM56-7B24E,2017,V
318DX,CFM INTL,CFM56-5B2,2017,V
318FL,CFM INTL,CFM56-7B26,2000,V
318NB,CFM INTL.,CFM56 SERIES,2000,V
318NV,CFM INTL,CFM56-5B5/P,2005,V
319BD,CFM INTL,CFM56-7B22,2001,V
319DN,CFM INTL,CFM56-5B2,2017,V
319NB,CFM INTL.,CFM56 SERIES,2000,V
319NV,CFM INTL,CFM56-5B5/P,2005,V
319US,CFM INTL.,CFM56 SERIES,1991,V
320DN,CFM INTL,CFM56-5B3/3,2017,V
320NB,CFM INTL.,CFM56 SERIES,2000,V
321DH,CFM INTL,CFM56-5B3/3,2017,V
321NB,CFM INTL.,CFM56 SERIES,2001,V
321US,CFM INTL.,CFM56 SERIES,1991,V
322DN,CFM INTL,CFM56-5B3/3,2017,V
322NB,CFM INTL.,CFM56 SERIES,2001,V
323DN,CFM INTL,CFM56-5B2,2017,V
323NB,CFM INTL.,CFM56 SERIES,2001,V
32404,CFM INTL.,CFM56 SERIES,2001,V
324CH,CFM INTL,CFM56-7B27/B3,2001,V
324DX,CFM INTL,CFM56-5B3/3,2017,V
324NB,CFM INTL.,CFM56 SERIES,2001,V
324NV,CFM INTL,CFM56-5B6,2006,V
325DN,CFM INTL,CFM56-5B3/3,2017,V
325FL,CFM INTL,CFM56-7B26,2001,V
325NB,CFM INTL.,CFM56 SERIES,2001,V
325NV,CFM INTL,CFM56-5B6,,V
325US,CFM INTL.,CFM56 SERIES,1991,V
326DN,CFM INTL,CFM56-5B3/3,2017,V
326FL,CFM INTL,CFM56-7B26,2001,V
326NB,CFM INTL.,CFM56 SERIES,2001,V
326NV,CFM INTL,CFM56-5B5/P,2005,V
327DN,CFM INTL,CFM56-5B3/3,2017,V
327JT,CFM INTL.,CFM56 SERIES,1988,V
327NB,CFM INTL.,CFM56 SERIES,2001,V
327NV,CFM INTL,CFM56-5B5/P,2005,V
327NW,CFM INTL.,CFM56 SERIES,1992,V
328DN,CFM INTL,CFM56-5B3/3,2017,V
328NB,CFM INTL.,CFM56 SERIES,2001,V
328NV,CFM INTL,CFM56-5B5/P,2006,V
328NW,CFM INTL.,CFM56 SERIES,1992,V
329DN,CFM INTL,CFM56-5B3/3,2017,V
329NB,CFM INTL.,CFM56 SERIES,2001,V
329NW,CFM INTL.,CFM56 SERIES,1992,V
330DX,CFM INTL,CFM56-5B2,2017,V
330FL,CFM INTL,CFM56-7B26,2002,V
330NB,CFM INTL.,CFM56 SERIES,2001,V
330NV,CFM INTL,CFM56-5B5,2006,V
331AE,CFM INTL,CFM56-7B26/3,2007,V
331CK,CFM INTL,CFM56-3B-1,1986,V
331DN,CFM INTL,CFM56-5B2,2017,V
33203,CFM INTL.,CFM56 SERIES,2000,V
33209,CFM INTL.,CFM56 SERIES,2000,V
33262,CFM INTL.,CFM56 SERIES,2001,V
33264,CFM INTL.,CFM56 SERIES,2001,V
33266,CFM INTL.,CFM56 SERIES,2001,V
33284,CFM INTL.,CFM56 SERIES,2004,V
33286,CFM INTL.,CFM56 SERIES,2004,V
33289,CFM INTL.,CFM56 SERIES,2004,V
33292,CFM INTL,CFM56-7B26,2004,V
33294,CFM INTL.,CFM56 SERIES,2005,V
332CK,CFM INTL,CFM56-3C1,1987,V
332DN,CFM INTL,CFM56-5B2,2017,V
332NB,CFM INTL.,CFM56 SERIES,2001,V
333DX,CFM INTL,CFM56-5B3/3,2017,V
333NB,CFM INTL.,CFM56 SERIES,2001,V
333NW,CFM INTL.,CFM56 SERIES,1992,V
334DN,CFM INTL,CFM56-5B3/3,2017,V
334NB,CFM INTL.,CFM56 SERIES,2002,V
334NV,CFM INTL,CFM56-5B5/P,2006,V
334NW,CFM INTL.,CFM56 SERIES,1992,V
335CK,CFM INTL,CFM56-3C,1992,V
335DN,CFM INTL,CFM56-5B2,2018,V
335NB,CFM INTL.,CFM56 SERIES,2002,V
335NV,CFM INTL,CFM56-5B5/P,2006,V
335NW,CFM INTL.,CFM56 SERIES,1992,V
335PH,CFM INTL,CFM56-7B24E,2017,V
336CK,CFM INTL,CFM56-3C,1992,V
336DX,CFM INTL,CFM56-5B2,2018,V
336NB,CFM INTL.,CFM56 SERIES,2002,V
336NW,CFM INTL.,CFM56 SERIES,1992,V
33714,CFM INTL.,CFM56 SERIES,1998,V
337CK,CFM INTL,CFM56-3C1,1991,V
337DN,CFM INTL,CFM56-5B2,2018,V
337NB,CFM INTL.,CFM56 SERIES,2002,V
337NV,CFM INTL,CFM56-5B5/P,2004,V
337PJ,CFM INTL,CFM56-7B24E,2017,V
338DN,CFM INTL,CFM56-5B2,2018,V
338NB,CFM INTL.,CFM56 SERIES,2002,V
338NW,CFM INTL.,CFM56 SERIES,1992,V
338PK,CFM INTL,CFM56-7B24E,2017,V
339DN,CFM INTL,CFM56-5B3/3,2018,V
339NB,CFM INTL.,CFM56 SERIES,2002,V
339NW,CFM INTL.,CFM56 SERIES,1992,V
339PL,CFM INTL,CFM56-7B24E,2017,V
340DN,CFM INTL,CFM56-5B2,2018,V
340LV,CFM INTL.,CFM56 SERIES,1987,V
340NB,CFM INTL.,CFM56 SERIES,2002,V
340NW,CFM INTL.,CFM56 SERIES,1992,V
341DN,CFM INTL,CFM56-5B3/3,2018,V
341NB,CFM INTL.,CFM56 SERIES,2002,V
341NW,CFM INTL.,CFM56 SERIES,1992,V
34222,CFM INTL.,CFM56 SERIES,1998,V
34282,CFM INTL.,CFM56 SERIES,2004,V
342DN,CFM INTL,CFM56-5B2,2018,V
342NB,CFM INTL.,CFM56 SERIES,2002,V
342NW,GE,CFM56 SERIES,1992,V
342PM,CFM INTL,CFM56-7B24E,2017,V
343DN,CFM INTL,CFM56-5B3/3,2018,V
343NB,CFM INTL.,CFM56 SERIES,2002,V
343NW,CFM INTL.,CFM56 SERIES,1992,V
343PN,CFM INTL,CFM56-7B24E,2017,V
34455,CFM INTL,CFM56-7B26E,2012,V
34460,CFM INTL,CFM56-7B26E,2012,V
344DN,CFM INTL,CFM56-5B3/3,2018,V
344NB,CFM INTL.,CFM56 SERIES,2002,V
344NW,CFM INTL.,CFM56 SERIES,1992,V
344PP,CFM INTL,CFM56-7B24E,2017,V
345AV,CFM INTL,CFM56-5B4,2010,V
345DN,CFM INTL.,CFM56 SERIES,2018,V
345NW,GE,CFM56 SERIES,1993,V
346DN,CFM INTL.,CFM56 SERIES,2018,V
346NB,CFM INTL.,CFM56 SERIES,2002,V
346PR,CFM INTL,CFM56-7B24E,2017,V
347DN,CFM INTL.,CFM56 SERIES,2018,V
347NB,CFM INTL.,CFM56 SERIES,2002,V
347NW,CFM INTL.,CFM56 SERIES,1993,V
348DN,CFM INTL,CFM56-5B3/3,2018,V
348NB,CFM INTL.,CFM56 SERIES,2002,V
348NW,CFM INTL.,CFM56 SERIES,1993,V
349DX,CFM INTL,CFM56-5B2,2018,V
349NB,CFM INTL.,CFM56 SERIES,2002,V
349NW,GE,CFM56 SERIES,1993,V
350DN,CFM INTL,CFM56-5B2,2018,V
350NA,CFM INTL.,CFM56 SERIES,1993,V
351DN,CFM INTL.,CFM56 SERIES,2018,V
351NB,CFM INTL.,CFM56 SERIES,2002,V
351NW,CFM INTL.,CFM56 SERIES,1997,V
35204,CFM INTL.,CFM56 SERIES,2000,V
35236,CFM INTL.,CFM56 SERIES,1999,V
35260,CFM INTL.,CFM56 SERIES,2001,V
35271,CFM INTL.,CFM56 SERIES,2001,V
352DN,CFM INTL,CFM56-5B2,2018,V
352NB,CFM INTL.,CFM56 SERIES,2002,V
352NW,CFM INTL.,CFM56 SERIES,1998,V
352PS,CFM INTL,CFM56-7B24E,2017,V
353DN,CFM INTL,CFM56-5B3/3,2018,V
353NB,CFM INTL.,CFM56 SERIES,2002,V
353NW,CFM INTL.,CFM56 SERIES,1998,V
35407,CFM INTL.,CFM56 SERIES,2001,V
354DN,CFM INTL,CFM56-5B3/3,2018,V
354NB,CFM INTL.,CFM56 SERIES,2002,V
354NW,CFM INTL.,CFM56 SERIES,1998,V
354PT,CFM INTL,CFM56-7B24E,2017,V
354SW,GE,CFM56 SERIES,1991,V
355DN,CFM INTL,CFM56-5B2,2018,V
355NB,CFM INTL.,CFM56 SERIES,2002,V
355NW,CFM INTL.,CFM56 SERIES,1998,V
355PU,CFM INTL,CFM56-7B24E,2017,V
355SW,CFM INTL.,CFM56 SERIES,1991,V
356DN,CFM INTL,CFM56-5B2,2018,V
356NW,CFM INTL.,CFM56 SERIES,1998,V
357DN,CFM INTL,CFM56-5B2,2018,V
357NB,CFM INTL.,CFM56 SERIES,2002,V
357NW,CFM INTL.,CFM56 SERIES,1998,V
357PV,CFM INTL,CFM56-7B24E,2017,V
358DN,CFM INTL,CFM56-5B2,2018,V
358NB,CFM INTL.,CFM56 SERIES,2003,V
358NW,CFM INTL.,CFM56 SERIES,1998,V
358PW,CFM INTL,CFM56-7B24E,2017,V
359DN,CFM INTL.,CFM56 SERIES,2018,V
359NB,CFM INTL.,CFM56 SERIES,2003,V
359NW,CFM INTL.,CFM56 SERIES,1998,V
359PX,CFM INTL,CFM56-7B24E,2017,V
359SW,CFM INTL.,CFM56 SERIES,1992,R
360DN,CFM INTL,CFM56-5B2,2018,V
360NB,CFM INTL.,CFM56 SERIES,2003,V
360NW,CFM INTL.,CFM56 SERIES,1998,V
360WA,CFM INTL,CFM56-3,1987,V
3618F,CFM INTL,CFM56-5B7/P,2006,V
361DN,CFM INTL,CFM56-5B2,2018,V
361NB,CFM INTL.,CFM56 SERIES,2003,V
361NW,CFM INTL.,CFM56 SERIES,1998,V
36207,CFM INTL.,CFM56 SERIES,2000,V
36247,CFM INTL.,CFM56 SERIES,1999,V
36272,CFM INTL.,CFM56 SERIES,2001,V
36280,CFM INTL.,CFM56 SERIES,2003,V
362DN,CFM INTL,CFM56-5B2,2018,V
362NB,CFM INTL.,CFM56 SERIES,2003,V
362NW,CFM INTL.,CFM56 SERIES,1998,V
363DN,CFM INTL,CFM56-5B2,2018,V
363NB,CFM INTL.,CFM56 SERIES,2003,V
363NW,CFM INTL.,CFM56 SERIES,1998,V
36444,CFM INTL,CFM56-7B26/3,2010,V
36447,CFM INTL,CFM56-7B26E,2012,V
36469,CFM INTL,CFM56-7B27E,2013,V
36472,CFM INTL,CFM56-7B27E,2013,V
36476,CFM INTL,CFM56-7B27E,2013,V
364DX,CFM INTL,CFM56-5B2,2018,V
364NB,CFM INTL.,CFM56 SERIES,2003,V
364NW,CFM INTL.,CFM56 SERIES,1999,V
365DN,CFM INTL,CFM56-5B3/3,2018,V
365NB,CFM INTL.,CFM56 SERIES,2003,V
365NW,CFM INTL.,CFM56 SERIES,1999,V
365SR,CFM INTL,CFM56-7B22,2003,V
366DX,CFM INTL,CFM56-5B3/3,2019,V
366NB,CFM INTL.,CFM56 SERIES,2003,V
366NW,CFM INTL.,CFM56 SERIES,1999,V
367DN,CFM INTL,CFM56-5B3/3,2019,V
367NW,CFM INTL.,CFM56 SERIES,1999,V
368AR,CFM INTL,CFM56-7B27/3,2011,V
368DN,CFM INTL,CFM56-5B3/3,2019,V
368NB,CFM INTL.,CFM56 SERIES,2003,V
368NW,CFM INTL.,CFM56 SERIES,1999,V
369DN,CFM INTL,CFM56-5B3/3,2019,V
369NB,CFM INTL.,CFM56 SERIES,2003,V
369NW,CFM INTL.,CFM56 SERIES,1999,V
370DN,CFM INTL,CFM56-5B3/3,2019,V
370NB,CFM INTL.,CFM56 SERIES,2003,V
370NW,CFM INTL.,CFM56 SERIES,1999,V
371DA,CFM INTL.,CFM56 SERIES,1998,V
371DN,CFM INTL,CFM56-5B3/3,2019,V
371NB,CFM INTL.,CFM56 SERIES,2003,V
371NW,CFM INTL.,CFM56 SERIES,2001,V
37252,CFM INTL.,CFM56 SERIES,2000,V
37253,CFM INTL.,CFM56 SERIES,2000,V
37255,CFM INTL.,CFM56 SERIES,2000,V
37263,CFM INTL.,CFM56 SERIES,2001,V
37267,CFM INTL.,CFM56 SERIES,2001,V
37273,CFM INTL.,CFM56 SERIES,2001,V
37274,CFM INTL.,CFM56 SERIES,2002,V
37277,CFM INTL.,CFM56 SERIES,2002,V
37281,CFM INTL.,CFM56 SERIES,2003,V
37287,CFM INTL.,CFM56 SERIES,2004,V
37290,CFM INTL.,CFM56 SERIES,2004,V
37293,CFM INTL.,CFM56 SERIES,2005,V
37298,CFM INTL.,CFM56 SERIES,2005,V
372DA,CFM INTL.,CFM56 SERIES,1998,V
372DN,CFM INTL,CFM56-5B3/3,2019,V
372NW,CFM INTL.,CFM56 SERIES,2001,V
3730B,CFM INTL.,CFM56 SERIES,2000,V
3731T,CFM INTL.,CFM56 SERIES,2000,V
3732J,CFM INTL.,CFM56 SERIES,2000,V
3733Z,CFM INTL.,CFM56 SERIES,2000,V
3734B,CFM INTL.,CFM56 SERIES,2000,V
3735D,CFM INTL.,CFM56 SERIES,2000,V
3736C,CFM INTL.,CFM56 SERIES,2000,V
3737C,CFM INTL.,CFM56 SERIES,2000,V
3738B,CFM INTL.,CFM56 SERIES,2000,V
3739P,CFM INTL.,CFM56 SERIES,2000,V
373DA,CFM INTL.,CFM56 SERIES,1998,V
373DX,CFM INTL,CFM56-5B3/3,2019,V
373NW,CFM INTL.,CFM56 SERIES,2001,V
37408,CFM INTL.,CFM56 SERIES,2001,V
37409,CFM INTL.,CFM56 SERIES,2001,V
3740C,CFM INTL.,CFM56 SERIES,2000,V
37413,CFM INTL,CFM56-7B26,2008,V
37419,CFM INTL,CFM56-5C4/1,2008,V
3741S,CFM INTL.,CFM56 SERIES,2001,V
37420,CFM INTL,CFM56-7B26,2008,V
37422,CFM INTL,CFM56-7B26,2008,V
37427,CFM INTL,CFM56-7B26/3,2008,V
3742C,CFM INTL.,CFM56 SERIES,2001,V
37434,CFM INTL,CFM56-7B26/3,2009,V
37437,CFM INTL,CFM56-7B26/3,2009,V
3743H,CFM INTL.,CFM56 SERIES,2001,V
3744F,CFM INTL.,CFM56 SERIES,2001,V
37456,CFM INTL,CFM56-7B26E,2012,V
3745B,CFM INTL.,CFM56 SERIES,2001,V
37462,CFM INTL,CFM56-7B26E,2012,V
37464,CFM INTL,CFM56-7B26E,2012,V
37465,CFM INTL,CFM56-7B26E,2013,V
37466,CFM INTL,CFM56-7B26E,2013,V
37468,CFM INTL,CFM56-7B27E,2013,V
3746H,CFM INTL.,CFM56 SERIES,2001,V
37470,CFM INTL,CFM56-7B27E,2013,V
37471,CFM INTL,CFM56-7B27E,2013,V
37474,CFM INTL,CFM56-7B27E,2013,V
3747D,CFM INTL.,CFM56 SERIES,2001,V
3748Y,CFM INTL.,CFM56 SERIES,2001,V
3749D,CFM INTL.,CFM56 SERIES,2001,V
374DA,CFM INTL.,CFM56 SERIES,1998,V
374DX,CFM INTL,CFM56-5B3/3,2019,V
374NW,CFM INTL.,CFM56 SERIES,2001,V
3750D,CFM INTL.,CFM56 SERIES,2001,V
3751B,CFM INTL.,CFM56 SERIES,2001,V
3752,CFM INTL.,CFM56 SERIES,2001,V
3753,CFM INTL.,CFM56 SERIES,2001,V
3754A,CFM INTL.,CFM56 SERIES,2001,V
3755D,CFM INTL.,CFM56 SERIES,2001,V
3756,CFM INTL.,CFM56 SERIES,2001,V
3757D,CFM INTL.,CFM56 SERIES,2001,V
3758Y,CFM INTL.,CFM56 SERIES,2001,V
3759,CFM INTL.,CFM56 SERIES,2001,V
375DA,CFM INTL.,CFM56 SERIES,1998,V
375DN,CFM INTL,CFM56-5B3/3,2019,V
375NC,CFM INTL.,CFM56 SERIES,2002,V
3760C,CFM INTL.,CFM56 SERIES,2001,V
3761R,CFM INTL.,CFM56 SERIES,2001,V
3762Y,CFM INTL.,CFM56 SERIES,2001,V
3763D,CFM INTL.,CFM56 SERIES,2001,V
3764D,CFM INTL.,CFM56 SERIES,2001,V
3765,CFM INTL.,CFM56 SERIES,2001,V
3766,CFM INTL.,CFM56 SERIES,2001,V
3767,CFM INTL.,CFM56 SERIES,2001,V
3768,CFM INTL.,CFM56 SERIES,2002,V
3769L,CFM INTL.,CFM56 SERIES,2002,V
376DA,CFM INTL.,CFM56 SERIES,1999,V
376DN,CFM INTL,CFM56-5B3/3,2019,V
376NW,CFM INTL.,CFM56 SERIES,2002,V
37700,CFM INTL.,CFM56 SERIES,2002,V
3771K,CFM INTL.,CFM56 SERIES,2002,V
3772H,CFM INTL,CFM56-7B26/3,2010,V
3773D,CFM INTL,CFM56-7B26/3,2010,V
377AR,CFM INTL,CFM56-7B27/3,2010,V
377DA,CFM INTL.,CFM56 SERIES,1999,V
377DE,CFM INTL,CFM56-7B26,2014,V
377DN,CFM INTL,CFM56-5B3/3,2019,V
377NW,CFM INTL.,CFM56 SERIES,2003,V
377XX,CFM INTL.,CFM56 SERIES,1999,V
378DA,CFM INTL.,CFM56 SERIES,1999,V
378DN,CFM INTL,CFM56-5B3/3,2019,V
378NW,CFM INTL.,CFM56 SERIES,2003,V
379DA,CFM INTL.,CFM56 SERIES,1999,V
379DN,CFM INTL,CFM56-5B3/3,2019,V
380DA,CFM INTL.,CFM56 SERIES,1999,V
380DN,CFM INTL,CFM56-5B3/3,2019,V
381DN,CFM INTL.,CFM56 SERIES,1999,V
381DZ,CFM INTL,CFM56-5B3/3,2019,V
38257,CFM INTL.,CFM56 SERIES,2000,V
38268,CFM INTL.,CFM56 SERIES,2001,V
382DA,CFM INTL.,CFM56 SERIES,1999,V
382DN,CFM INTL,CFM56-5B3/3,2019,V
383DN,CFM INTL.,CFM56 SERIES,1999,V
383DZ,CFM INTL,CFM56-5B3/3,2019,V
383TR,CFM INTL,CFM56-3B2,1987,V
38403,CFM INTL.,CFM56 SERIES,2001,V
38417,CFM INTL,CFM56-7B26,2008,V
38424,CFM INTL,CFM56-7B27/B3,2008,V
38443,CFM INTL,CFM56-7B26/2,2010,V
38446,CFM INTL,CFM56-7B26,2012,V
38451,CFM INTL,CFM56-7B26E,2012,V
38454,CFM INTL,CFM56-7B26E,2012,V
38458,CFM INTL,CFM56-7B26E,2012,V
38459,CFM INTL,CFM56-7B26E,2012,V
38467,CFM INTL,CFM56-7B27E,2013,V
38473,CFM INTL,CFM56-7B27E,2013,V
38479,CFM INTL,CFM56-7B27E/F,2016,V
384DA,GE,CFM56 SERIES,1999,V
384DN,CFM INTL,CFM56-5B3/3,2019,V
385DN,CFM INTL.,CFM56 SERIES,1999,V
385DZ,CFM INTL,CFM56-5B3/3,2019,V
386DA,CFM INTL.,CFM56 SERIES,1999,V
386DN,CFM INTL,CFM56-5B3/3,2019,V
38727,CFM INTL.,CFM56 SERIES,1999,V
387DA,CFM INTL.,CFM56 SERIES,2000,V
387DN,CFM INTL,CFM56-5B3/3,2019,V
388DA,CFM INTL.,CFM56 SERIES,2000,V
388DN,CFM INTL,CFM56-5B3/3,2019,V
389DA,CFM INTL.,CFM56 SERIES,2000,V
389DN,CFM INTL,CFM56-5B3/3,2020,V
390DA,CFM INTL.,CFM56 SERIES,2000,V
390DN,CFM INTL,CFM56-5B3/3,2019,V
391DA,CFM INTL.,CFM56 SERIES,2000,V
391DN,CFM INTL,CFM56-5B3/3,2019,V
39297,CFM INTL.,CFM56 SERIES,2005,V
392DN,CFM INTL,CFM56-5B3/3,2019,V
393DA,CFM INTL.,CFM56 SERIES,2000,V
393DN,CFM INTL,CFM56-5B3/3,2019,V
39415,CFM INTL,CFM56-7B26/2,2008,V
39416,CFM INTL,CFM56-7B27/B3,2008,V
39418,CFM INTL,CFM56-7B26,2008,V
39423,CFM INTL,CFM56-7B26,2008,V
39450,CFM INTL,CFM56-7B26E,2012,V
39461,CFM INTL,CFM56-7B26E,2012,V
39463,CFM INTL,CFM56-7B26E,2012,V
39475,CFM INTL,CFM56-7B27E,2013,V
394DA,CFM INTL.,CFM56 SERIES,2000,V
394DX,CFM INTL,CFM56-5B3/3,2019,V
395DN,CFM INTL.,CFM56 SERIES,2000,V
395DZ,CFM INTL,CFM56-5B3/3,2019,V
396DA,CFM INTL.,CFM56 SERIES,2000,V
396DN,CFM INTL,CFM56-5B3/3,2019,V
39726,CFM INTL.,CFM56 SERIES,1999,V
39728,CFM INTL.,CFM56 SERIES,1999,V
397DA,CFM INTL.,CFM56 SERIES,2000,V
397DN,CFM INTL,CFM56-5B3/3,2019,V
397SW,CFM INTL.,CFM56 SERIES,1995,V
398AV,CFM INTL,CFM56-5B4,2009,V
398DA,CFM INTL.,CFM56 SERIES,2000,V
398DN,CFM INTL,CFM56-5B3/3,2020,V
399DA,CFM INTL.,CFM56 SERIES,2000,V
399WN,CFM INTL.,CFM56 SERIES,1995,V
4005X,CFM INTL,CFM56-5B6,2013,V
401AV,CFM INTL,CFM56-5B4,2009,V
401YK,CFM INTL,CFM56-3C1,1993,V
402AS,CFM INTL,CFM56-7B27E,2012,V
4032T,CFM INTL,CFM56-5B7/3,2015,V
403AS,CFM INTL,CFM56-7B27E,2012,V
403CK,CFM INTL,CFM56-3C1,1992,V
403YK,GE,CFM56 SERIES,1992,V
405CK,CFM INTL,CFM56-3C1,1991,V
405YK,CFM INTL,CFM56-3C1,1991,V
406CK,CFM INTL,CFM56-3C1,1997,V
407AS,CFM INTL,CFM56-7B27E,2012,V
408AS,CFM INTL,CFM56-7B27E,2012,V
409AS,CFM INTL,CFM56-7B27E,2013,V
409YK,CFM INTL,CFM56-3C1,1993,V
410WN,CFM INTL.,CFM56 SERIES,2001,V
411AE,CFM INTL,CFM56-5B4/3,2010,V
411AV,CFM INTL,CFM56-5B4,,V
413AS,CFM INTL,CFM56-7B27E,2013,V
416AV,CFM INTL,CFM56-5B4,2009,V
419AS,CFM INTL,CFM56-7B27E,2013,V
422AV,CFM INTL,CFM56-5B7,2010,V
422WN,CFM INTL.,CFM56 SERIES,2002,V
423AS,CFM INTL,CFM56-7B27E,2013,V
423UP,CFM INTL.,CFM56 SERIES,1991,V
424WN,CFM INTL.,CFM56 SERIES,2002,V
425LV,CFM INTL.,CFM56 SERIES,2002,V
426AV,CFM INTL,CFM56-5B4,2009,V
426WN,CFM INTL.,CFM56 SERIES,2002,V
427WN,CFM INTL.,CFM56 SERIES,2002,V
428AS,CFM INTL,CFM56-7B27E,2016,V
428WN,CFM INTL.,CFM56 SERIES,2002,V
429WN,CFM INTL.,CFM56 SERIES,2002,V
4304,CFM INTL,CFM56-5B4/3,2010,V
431AS,CFM INTL,CFM56-7B27E,2013,V
431WN,CFM INTL.,CFM56 SERIES,2002,V
433AS,CFM INTL,CFM56-7B27E,2013,V
434AS,CFM INTL,CFM56-7B27E,2016,V
435AS,CFM INTL,CFM56-7B27E,2013,V
435WN,CFM INTL.,CFM56 SERIES,2003,V
436WN,CFM INTL.,CFM56 SERIES,2003,V
437WN,CFM INTL.,CFM56 SERIES,2003,V
438US,CFM INTL.,CFM56 SERIES,1990,V
438WN,CFM INTL.,CFM56 SERIES,2003,V
439WN,CFM INTL.,CFM56 SERIES,2003,V
43PR,GE,CFM56 SERIES,1998,V
440AS,CFM INTL,CFM56-7B27E,2013,V
440KH,CFM INTL,CFM56-3C1,1998,V
440LV,CFM INTL.,CFM56 SERIES,2003,V
441US,GE,CFM56 SERIES,1990,V
441WN,CFM INTL.,CFM56 SERIES,2003,V
442AS,CFM INTL,CFM56-7B27E,2013,V
442WN,CFM INTL.,CFM56 SERIES,2003,V
443WN,CFM INTL.,CFM56 SERIES,2003,V
444HE,GE,CFM56 SERIES,1987,V
444WN,CFM INTL.,CFM56 SERIES,2003,V
445WN,CFM INTL.,CFM56 SERIES,2003,V
446AV,CFM INTL,CFM56-5B4,2009,V
446WN,CFM INTL.,CFM56 SERIES,2003,V
447WN,CFM INTL.,CFM56 SERIES,2003,V
448AS,CFM INTL,CFM56-7B27E,2016,V
448WN,CFM INTL.,CFM56 SERIES,2003,V
449WN,CFM INTL.,CFM56 SERIES,2003,V
451AV,CFM INTL,CFM56-5B4,2009,V
451PE,CFM INTL,CFM56-5B3/P,2001,V
451WN,CFM INTL.,CFM56 SERIES,2004,V
452WN,CFM INTL.,CFM56 SERIES,2004,V
453AS,CFM INTL,CFM56-7B27E,2014,V
453WN,CFM INTL.,CFM56 SERIES,2004,V
45440,CFM INTL,CFM56-7B26,2009,V
454AV,CFM INTL,CFM56-5B4/3,2013,V
454KH,CFM INTL,CFM56-3C,,V
454WN,CFM INTL.,CFM56 SERIES,2004,V
455WN,CFM INTL.,CFM56 SERIES,2004,V
456WN,CFM INTL.,CFM56 SERIES,2004,V
457AS,CFM INTL,CFM56-7B27E,2014,V
457WN,CFM INTL.,CFM56 SERIES,2004,V
458WN,CFM INTL.,CFM56 SERIES,2004,V
459AS,CFM INTL,CFM56-7B27E,2014,V
459WN,CFM INTL.,CFM56 SERIES,2004,V
460WN,CFM INTL.,CFM56 SERIES,2004,V
461AS,CFM INTL,CFM56-7B27E,2014,V
461WN,CFM INTL.,CFM56 SERIES,2004,V
462AS,CFM INTL,CFM56-7B27E,2014,V
462WN,CFM INTL.,CFM56 SERIES,2004,V
463WN,CFM INTL.,CFM56 SERIES,2004,V
464AS,CFM INTL,CFM56-7B27E,2014,V
464WN,CFM INTL.,CFM56 SERIES,2004,V
465WN,CFM INTL.,CFM56 SERIES,2004,V
467AS,CFM INTL,CFM56-7B27E,2014,V
467WN,CFM INTL.,CFM56 SERIES,2004,V
468AS,CFM INTL,CFM56-7B27E,2014,V
468VX,CFM INTL,CFM56-3C1,1997,V
468WN,CFM INTL.,CFM56 SERIES,2004,V
469AS,CFM INTL,CFM56-7B27E,2014,V
469WN,CFM INTL.,CFM56 SERIES,2004,V
470WN,CFM INTL.,CFM56 SERIES,2004,V
471AS,CFM INTL,CFM56-7B27E,2014,V
471DS,CFM INTL,CFM56-7B27EB3,2025,V
472AS,CFM INTL,CFM56-7B27E,2015,V
472WN,CFM INTL.,CFM56 SERIES,2004,V
473WN,CFM INTL.,CFM56 SERIES,2004,V
47414,CFM INTL,CFM56-7B26,2008,V
474AS,CFM INTL,CFM56-7B27E,2015,V
474US,CFM INTL,CFM56-7B24,2008,V
474WN,CFM INTL.,CFM56 SERIES,2004,V
475US,CFM INTL,CFM56-7B24,2004,V
475WN,CFM INTL.,CFM56 SERIES,2004,V
476US,CFM INTL,CFM56-7B24,2008,V
476WN,CFM INTL.,CFM56 SERIES,2004,V
477AS,CFM INTL,CFM56-7B27E,2015,V
477AV,CFM INTL,CFM56-5B4/3,2013,V
477US,CFM INTL,CFM56-7B24,2003,V
477WN,CFM INTL.,CFM56 SERIES,2004,V
478AS,CFM INTL,CFM56-7B27E,2015,V
478US,CFM INTL.,CFM56 SERIES,2004,V
478WN,CFM INTL.,CFM56 SERIES,2004,V
479AS,CFM INTL,CFM56-7B27E,2015,V
479US,CFM INTL,CFM56-7B24,2008,V
479WN,CFM INTL.,CFM56 SERIES,2004,V
480US,CFM INTL,CFM56-7B24,2008,V
480WN,CFM INTL.,CFM56 SERIES,2004,V
481AS,CFM INTL,CFM56-7B27E,2015,V
481AV,CFM INTL,CFM56-5B4,2010,V
481WN,CFM INTL.,CFM56 SERIES,2004,V
482WN,CFM INTL.,CFM56 SERIES,2004,V
483AS,CFM INTL,CFM56-7B27E,2015,V
483WN,CFM INTL.,CFM56 SERIES,2004,V
485WN,CFM INTL.,CFM56 SERIES,2004,V
486AS,CFM INTL,CFM56-7B27E,2015,V
486WN,CFM INTL.,CFM56 SERIES,2004,V
487AS,CFM INTL,CFM56-7B27E,2015,V
487WN,CFM INTL.,CFM56 SERIES,2004,V
488WN,CFM INTL.,CFM56 SERIES,2004,V
489WN,CFM INTL.,CFM56 SERIES,2004,V
491AS,CFM INTL,CFM56-7B27E,2015,V
491WN,CFM INTL.,CFM56 SERIES,2004,V
492AS,CFM INTL,CFM56-7B27E,2015,V
493AS,CFM INTL,CFM56-7B27E,2016,V
494AS,CFM INTL,CFM56-7B27E,2016,V
494WN,CFM INTL.,CFM56 SERIES,2004,V
495AS,CFM INTL,CFM56-7B27E,2016,V
495WN,CFM INTL.,CFM56 SERIES,2004,V
497WN,CFM INTL.,CFM56 SERIES,2004,V
498WN,CFM INTL.,CFM56 SERIES,2005,V
499WN,CFM INTL.,CFM56 SERIES,2005,V
5007E,CFM INTL,CFM56-5B7,2013,V
500WR,CFM INTL,CFM56-7B27E,2014,V
506AS,CFM INTL,CFM56-7B27,2008,V
508AS,CFM INTL,CFM56-7B27,2008,V
5113A,CFM INTL,CFM56-7B24,2002,V
512AS,CFM INTL,CFM56-7B27/B3,2008,V
513AS,CFM INTL,CFM56-7B27,2008,V
5147A,CFM INTL,CFM56-7B24,2002,V
514AS,CFM INTL,CFM56-7B27,2008,V
5153A,CFM INTL,CFM56-7B24,2002,V
5167A,CFM INTL,CFM56-7B24,2004,V
516AS,CFM INTL,CFM56-7B27,2008,V
5179A,CFM INTL,CFM56-7B24,2002,V
517AS,CFM INTL,CFM56-7B27,2008,V
518AS,CFM INTL,CFM56-7B27,2009,V
519AS,CFM INTL,CFM56-7B27,2009,V
519AV,CFM INTL,CFM56-5B7,2012,V
5209A,CFM INTL,CFM56-7B24,2004,V
520AS,CFM INTL,CFM56-7B27,2009,V
5227A,CFM INTL,CFM56-7B24,2004,V
522NR,CFM INTL,CFM56-7B27EB3,2014,V
5233A,CFM INTL,CFM56-7B24,2004,V
5237A,CFM INTL,CFM56-7B26,2006,V
523AS,CFM INTL,CFM56-7B27,2009,V
524AS,CFM INTL,CFM56-7B27/B3,2009,V
524VA,CFM INTL,CFM56-5B6/P,2007,V
525AS,CFM INTL,CFM56-7B27/B3,2009,V
5261A,CFM INTL,CFM56-7B24,2001,V
526AS,CFM INTL,CFM56-7B27,2009,V
527AS,CFM INTL,CFM56-7B27/B3,,V
527VA,CFM INTL,CFM56-5B6,2008,V
528AS,CFM INTL,CFM56-7B27,2009,V
529AS,CFM INTL.,CFM56-7B,2010,V
530AS,CFM INTL,CFM56-7B27,2010,V
531AS,CFM INTL,CFM56-7B27,2010,V
532AS,CFM INTL,CFM56-7B27,2010,V
533AS,CFM INTL,CFM56-7B27,2011,V
53441,CFM INTL,CFM56-7B26/3,,V
53442,CFM INTL,CFM56-7B26/3,2009,V
534AS,CFM INTL,CFM56-7B27,2011,V
535AS,CFM INTL,CFM56-7B27,2011,V
536AS,CFM INTL,CFM56-7B27,2012,V
536AV,CFM INTL,CFM56-5B4,2012,V
537AS,CFM INTL,CFM56-7B27,2012,V
538AS,CFM INTL,CFM56-7B27,2012,V
538AV,CFM INTL,CFM56-5B4/3,2012,V
539RL,CFM INTL,CFM56-7B26,,V
54241,CFM INTL.,CFM56 SERIES,1999,V
545CC,CFM INTL,CFM56-3C1,1996,V
546AS,CFM INTL.,CFM56 SERIES,2005,V
54711,CFM INTL.,CFM56 SERIES,1998,V
5479A,CFM INTL,CFM56-7B24,2001,V
548AS,CFM INTL.,CFM56 SERIES,2005,V
549AS,CFM INTL.,CFM56 SERIES,2005,V
551AS,CFM INTL.,CFM56 SERIES,2006,V
552AS,CFM INTL.,CFM56 SERIES,2006,V
552WN,CFM INTL.,CFM56-7B,2002,V
553AS,CFM INTL.,CFM56 SERIES,2006,V
553SX,CFM INTL,CFM56-5B6/P,,V
555LV,CFM INTL,CFM56-7B24/3,2011,V
555LY,CFM INTL,CFM56-7B24,2006,V
556AS,CFM INTL.,CFM56 SERIES,2006,V
556WN,CFM INTL,CFM56-7B24/3,2011,V
557AS,CFM INTL,CFM56-7B27,2006,V
557AV,CFM INTL,CFM56-5B7,2012,V
558AS,CFM INTL,CFM56-7B27,2006,V
558WN,CFM INTL,CFM56-7B24,2002,V
559AS,CFM INTL,CFM56-7B27,2006,V
560AS,CFM INTL,CFM56-7B27,2006,V
561WN,CFM INTL,CFM56-7B24,2003,V
562AS,CFM INTL,CFM56-7B26,2006,V
562AV,CFM INTL,CFM56-5B4/3,2013,V
563AS,CFM INTL,CFM56-7B27,2006,V
563WN,CFM INTL,CFM56-7B24,2002,V
564AS,CFM INTL,CFM56-7B26,2006,V
565AS,CFM INTL,CFM56-7B27,2006,V
566AS,CFM INTL,CFM56-7B27,2007,V
566WN,CFM INTL,CFM56-7B24,2002,V
567AV,CFM INTL,CFM56-5B4,2011,V
567WN,CFM INTL,CFM56-7B24,2002,V
5683A,CFM INTL,CFM56-7B24,2001,V
568AS,CFM INTL,CFM56-7B27,2007,V
5693A,CFM INTL,CFM56-7B24,1999,V
569AS,CFM INTL,CFM56-7B27,2007,V
569MA,CFM INTL,CFM56-2B,1963,V
569TR,CFM INTL.,CFM56 SERIES,1987,V
569WN,CFM INTL,CFM56-7B24,2002,V
570AS,CFM INTL,CFM56-7B27,2007,V
570WN,CFM INTL,CFM56-7B24,2002,V
571MA,CFM INTL,CFM56-2B,1961,V
572MA,CFM INTL,CFM56-2B,1959,V
573MA,CFM INTL,CFM56-2B,1963,V
57439,CFM INTL,CFM56-7B26/3,2009,V
577AS,CFM INTL,CFM56-7B27,2007,V
578TR,CFM INTL,CFM56-3B,1987,V
579AS,CFM INTL,CFM56-7B27,2007,V
581AS,CFM INTL,CFM56-7B27,2007,V
583AS,CFM INTL,CFM56-7B27/B3,2007,V
584AS,CFM INTL,CFM56-7B27/B3,2007,V
585AS,CFM INTL,CFM56-7B27/B3,2007,V
586AS,CFM INTL,CFM56-7B27/B3,2007,V
587AS,CFM INTL,CFM56-7B27/B3,2007,V
588AS,CFM INTL,CFM56-7B27,2007,V
589AS,CFM INTL,CFM56-7B27,2007,V
590AS,CFM INTL,CFM56-7B27/B3,2008,V
592AS,CFM INTL,CFM56-7B27/B3,2008,V
593AS,CFM INTL,CFM56-7B26,2008,V
594AS,CFM INTL,CFM56-7B27/B3,2008,V
596AS,CFM INTL,CFM56-7B27,2008,V
597AS,CFM INTL,CFM56-7B27,2008,V
599AV,CFM INTL,CFM56-5B4,2011,V
604MA,CFM INTL,CFM56-2B,1963,V
607AS,CFM INTL.,CFM56 SERIES,1999,V
609AS,CFM INTL.,CFM56 SERIES,1999,V
611AS,CFM INTL.,CFM56 SERIES,1999,V
612AS,CFM INTL.,CFM56 SERIES,1999,V
613AS,CFM INTL.,CFM56 SERIES,1999,V
614AS,CFM INTL.,CFM56 SERIES,1999,V
615AS,CFM INTL.,CFM56 SERIES,2000,V
616NN,GE,CFM56 SERIES,2017,V
61881,CFM INTL,CFM56-7B27E,2015,V
61882,CFM INTL,CFM56-7B27E,2015,V
61886,CFM INTL,CFM56-7B27E,2015,V
61887,CFM INTL,CFM56-7B27E,2015,V
61898,CFM INTL,CFM56-7B27E/F,2016,V
618AS,CFM INTL.,CFM56 SERIES,2000,V
619AS,CFM INTL.,CFM56 SERIES,2000,V
619NN,GE,CFM56 SERIES,2017,V
622AS,CFM INTL.,CFM56 SERIES,2000,V
624XA,CFM INTL,CFM56-7B26,2001,V
625AS,CFM INTL.,CFM56 SERIES,2001,V
625SW,CFM INTL.,CFM56 SERIES,1996,V
626AS,CFM INTL.,CFM56 SERIES,2001,V
626DS,CFM INTL,CFM56-7B27EB3,2025,V
626SW,CFM INTL.,CFM56 SERIES,1996,V
627AS,CFM INTL,CFM56-7B24,2001,V
627SW,CFM INTL.,CFM56 SERIES,1996,V
62849,CFM INTL,CFM56-7B27E,2015,V
62883,CFM INTL,CFM56-7B27E,2015,V
62884,CFM INTL,CFM56-7B27E,2015,V
62889,CFM INTL,CFM56-7B27E,2015,V
62892,CFM INTL,CFM56-7B27E,2015,V
62894,CFM INTL,CFM56-7B27E/F,2016,V
62895,CFM INTL,CFM56-7B27E/F,2016,V
62896,CFM INTL,CFM56-7B27E/F,2016,V
628VA,CFM INTL,CFM56-5B4/P,2007,V
629SW,CFM INTL.,CFM56 SERIES,1996,V
630VA,CFM INTL,CFM56-5B4/P,2007,V
632AV,CFM INTL,CFM56-5B4/3,2013,V
633VA,CFM INTL,CFM56-5B4/P,2007,V
634BC,CFM INTL,CFM56-3B,,V
634SW,CFM INTL.,CFM56 SERIES,1996,V
63820,CFM INTL,CFM56-7B27E,2014,V
63890,CFM INTL,CFM56-7B27E,2015,V
63899,CFM INTL,CFM56-7B27E/F,2016,V
640RL,CFM INTL,CFM56-3B2,1996,V
642VA,CFM INTL,CFM56-5B4,2008,V
644AS,CFM INTL.,CFM56 SERIES,2003,V
644SW,GE,CFM56 SERIES,1997,V
647AV,CFM INTL,CFM56-5B7,2008,V
64809,CFM INTL,CFM56-7B27E,2013,V
64844,CFM INTL,CFM56-7B27E,2015,V
652EE,CFM INTL,CFM56-3C1,1992,V
65832,CFM INTL,CFM56-7B27E,2014,V
660CP,CFM INTL,CFM56-7B22,2008,V
664AV,CFM INTL,CFM56-5B4,2008,V
66803,CFM INTL,CFM56-7B27E,2013,V
66808,CFM INTL,CFM56-7B27E,2013,V
66814,CFM INTL,CFM56-7B27E,2014,V
66825,CFM INTL,CFM56-7B27E,2014,V
66828,CFM INTL,CFM56-7B27E,2014,V
66831,CFM INTL,CFM56-7B27E,2014,V
66837,CFM INTL,CFM56-7B27E,2014,V
66841,CFM INTL,CFM56-7B27E,2015,V
66848,CFM INTL,CFM56-7B27E,2015,V
66893,CFM INTL,CFM56-7B27E,2016,V
66897,CFM INTL,CFM56-7B27E/F,2016,V
668CP,CFM INTL,CFM56-7B22,2012,V
670MT,CFM INTL.,CFM56 SERIES,,V
671HS,CFM INTL.,CFM56 SERIES,2002,V
674DS,CFM INTL,CFM56-7B27AE,2021,V
67812,CFM INTL,CFM56-7B27E,2014,V
67815,CFM INTL,CFM56-7B27E,2014,V
67827,CFM INTL,CFM56-7B27E,2014,V
67845,CFM INTL,CFM56-7B27E,2015,V
67846,CFM INTL,CFM56-7B27E,2015,V
68452,CFM INTL,CFM56-7B26E,2012,V
68453,CFM INTL,CFM56-7B26E,2012,V
686TA,CFM INTL,CFM56-5B4,2012,V
68801,CFM INTL,CFM56-7B27E,2013,V
68802,CFM INTL,CFM56-7B27E,2013,V
68805,CFM INTL,CFM56-7B27E,2013,V
68807,CFM INTL,CFM56-7B27E,2013,V
68811,CFM INTL,CFM56-7B27E,2014,V
68817,CFM INTL,CFM56-7B27E,2014,V
68821,CFM INTL,CFM56-7B27E,2014,V
68822,CFM INTL,CFM56-7B27E,2014,V
68823,CFM INTL,CFM56-7B27E,2014,V
68834,CFM INTL,CFM56-7B27E,2014,V
68836,CFM INTL,CFM56-7B27E,2014,V
68842,CFM INTL,CFM56-7B27E,2015,V
68843,CFM INTL,CFM56-7B27E,2015,V
68880,CFM INTL,CFM56-7B27E,2015,V
68891,CFM INTL,CFM56-7B27E,2015,V
688FD,CFM INTL,CFM56-7B27E,2012,V
688TA,CFM INTL,CFM56-5B4,2012,V
689TA,CFM INTL,CFM56-5B4,2012,V
691AV,CFM INTL,CFM56-5B7,2008,V
69804,CFM INTL,CFM56-7B27E,2013,V
69806,CFM INTL,CFM56-7B27E,2013,V
69810,CFM INTL,CFM56-7B27E,2013,V
69813,CFM INTL,CFM56-7B27E,2014,V
69816,CFM INTL,CFM56-7B27E,2014,V
69818,CFM INTL,CFM56-7B27E,2014,V
69819,CFM INTL,CFM56-7B27E,2014,V
69824,CFM INTL,CFM56-7B27E,2014,V
69826,CFM INTL,CFM56-7B27E,2014,V
69829,CFM INTL,CFM56-7B27E,2014,V
69830,CFM INTL,CFM56-7B27E,2014,V
69833,CFM INTL,CFM56-7B27E,2014,V
69835,CFM INTL,CFM56-7B27E,2014,V
69838,CFM INTL,CFM56-7B27E,2014,V
69839,CFM INTL,CFM56-7B27E,2014,V
69840,CFM INTL,CFM56-7B27E,2015,V
69847,CFM INTL,CFM56-7B27E,2015,V
69885,CFM INTL,CFM56-7B27E,2015,V
69888,CFM INTL,CFM56-7B27E,2015,V
70020,CFM INTL,CFM56-5B7,2014,V
700UW,CFM INTL.,CFM56 SERIES,1998,V
701FR,CFM INTL,CFM56-5B3/3,2015,V
701UW,CFM INTL.,CFM56 SERIES,1998,V
702FR,CFM INTL,CFM56-5B3/3,2015,V
702UW,CFM INTL.,CFM56 SERIES,1998,V
703SW,GE,CFM56 SERIES,1997,V
703UW,CFM INTL.,CFM56 SERIES,1998,V
704FR,CFM INTL,CFM56-5B3/3,2015,V
704US,CFM INTL.,CFM56 SERIES,1998,V
705FR,CFM INTL,CFM56-5B3/3,2015,V
706FR,CFM INTL,CFM56-5B3/3,2015,V
706SW,CFM INTL.,CFM56 SERIES,1998,V
707J,CFM INTL.,CFM56 SERIES,2001,V
708FR,CFM INTL,CFM56-5B3/3,2015,V
708MB,CFM INTL,CFM56-7B26/3,2001,V
708S,CFM INTL,CFM56-3C1,1995,V
708UW,CFM INTL.,CFM56 SERIES,1999,V
709FR,CFM INTL.,CFM56 SERIES,2016,V
709S,CFM INTL,CFM56-3C1,1997,V
709UW,CFM INTL.,CFM56 SERIES,1999,V
710FR,CFM INTL,CFM56-5B3/3,2016,V
710UW,CFM INTL.,CFM56 SERIES,1999,V
711FR,CFM INTL,CFM56-5B3/3,2016,V
711UW,CFM INTL.,CFM56 SERIES,1999,V
712FR,CFM INTL,CFM56-5B3/3,2016,V
712JM,CFM INTL,CFM56-7B27E,2013,V
712SW,CFM INTL.,CFM56 SERIES,1998,V
712US,CFM INTL.,CFM56 SERIES,1999,V
713FR,CFM INTL,CFM56-5B3/3,2016,V
713UW,CFM INTL.,CFM56 SERIES,1999,V
71411,CFM INTL.,CFM56 SERIES,2002,V
714FR,CFM INTL.,CFM56 SERIES,2016,V
714US,CFM INTL.,CFM56 SERIES,1999,V
715FR,CFM INTL,CFM56-5B3/3,2016,V
715UW,CFM INTL.,CFM56 SERIES,1999,V
716FR,CFM INTL.,CFM56 SERIES,2017,V
716UW,CFM INTL.,CFM56 SERIES,1999,V
717FR,CFM INTL,CFM56-5B3/3,2017,V
717UW,GE,CFM56 SERIES,1999,V
718FR,CFM INTL,CFM56-5B3/3,2017,V
719FR,CFM INTL,CFM56-5B3/3,2017,V
720FR,CFM INTL,CFM56-5B3/3,2017,V
721FR,CFM INTL,CFM56-5B3/3,2017,V
721UW,GE,CFM56 SERIES,1999,V
721VL,CFM INTL,CFM56-7B22,2005,V
722FR,CFM INTL,CFM56-5B3/3,2018,V
722US,CFM INTL.,CFM56 SERIES,1999,V
723AV,CFM INTL,CFM56-5B7,2014,V
723FR,CFM INTL,CFM56-5B3/3,2018,V
723UW,CFM INTL.,CFM56 SERIES,1999,V
72405,CFM INTL.,CFM56 SERIES,2001,V
724AV,CFM INTL,CFM56-5B4/3,2014,V
724UW,CFM INTL.,CFM56 SERIES,1999,V
725UW,CFM INTL.,CFM56 SERIES,1999,V
726AV,CFM INTL,CFM56-5B7,2014,V
726SW,CFM INTL.,CFM56 SERIES,1999,V
728AV,CFM INTL,CFM56-5B4/3,2014,V
730CK,CFM INTL,CFM56-3C1,1992,V
730US,CFM INTL.,CFM56 SERIES,2000,V
73251,CFM INTL.,CFM56 SERIES,2000,V
73256,CFM INTL.,CFM56 SERIES,2000,V
73259,CFM INTL.,CFM56 SERIES,2001,V
73270,CFM INTL.,CFM56 SERIES,2001,V
73275,CFM INTL.,CFM56 SERIES,2002,V
73276,GE,CFM56 SERIES,2002,V
73278,CFM INTL,CFM56-7B26,2003,V
73283,CFM INTL.,CFM56 SERIES,2004,V
73291,CFM INTL.,CFM56 SERIES,2004,V
73299,CFM INTL.,CFM56 SERIES,2005,V
732CK,CFM INTL,CFM56-3C1,1989,V
732MA,CFM INTL,CFM56-7B26,2001,V
732US,CFM INTL.,CFM56 SERIES,2000,V
733CK,CFM INTL,CFM56-3C1,1992,V
733KA,CFM INTL,CFM56-7B26,2001,V
733UW,CFM INTL.,CFM56 SERIES,2000,V
73406,CFM INTL.,CFM56 SERIES,2001,V
73445,CFM INTL,CFM56-7B26/3,2011,V
734CK,CFM INTL,CFM56-3C1,1993,V
7352C,CFM INTL.,CFM56 SERIES,,V
735E,CFM INTL.,CFM56 SERIES,,V
735T,CFM INTL,CFM56-3C1,1990,V
735X,CFM INTL,CFM56-3C1,1992,V
735Z,CFM INTL,CFM56-3C1,1990,V
736KA,CFM INTL,CFM56-7B24,2006,V
737AG,CFM INTL.,CFM56 SERIES,1999,V
737CG,CFM INTL.,CFM56 SERIES,1995,V
737CM,CFM INTL.,CFM56 SERIES,1999,V
737GG,CFM INTL,CFM56-7B27383,2010,V
737JB,CFM INTL.,CFM56 SERIES,2000,V
737KA,CFM INTL,CFM56-7B20,2001,V
737KR,CFM INTL.,CFM56 SERIES,,V
737M,CFM INTL.,CFM56 SERIES,2002,V
737MT,CFM INTL,CFM56-3C1,1998,V
737PK,CFM INTL,CFM56-7B26/B1,1999,V
737US,CFM INTL.,CFM56 SERIES,2000,V
738A,CFM INTL.,CFM56 SERIES,2000,V
738US,CFM INTL.,CFM56 SERIES,2000,V
740AV,CFM INTL,CFM56-5B4/3,2015,V
740UW,CFM INTL.,CFM56 SERIES,2000,V
741AV,CFM INTL,CFM56-5B7/3,2015,V
741UW,CFM INTL.,CFM56 SERIES,2000,V
742AV,CFM INTL,CFM56-5B4/3,2015,V
742PS,CFM INTL.,CFM56 SERIES,2000,V
743AV,CFM INTL,CFM56-5B4/3,2015,V
744P,CFM INTL.,CFM56 SERIES,2000,V
745AV,CFM INTL,CFM56-5B4/3,2015,V
745VJ,CFM INTL.,CFM56 SERIES,2000,V
746UW,CFM INTL.,CFM56 SERIES,2000,V
747UW,CFM INTL.,CFM56 SERIES,2000,V
748AV,CFM INTL,CFM56-5B4/3,2015,V
748UW,CFM INTL.,CFM56 SERIES,2000,V
749SW,CFM INTL.,CFM56 SERIES,1999,V
749US,CFM INTL.,CFM56 SERIES,2000,V
750AV,CFM INTL,CFM56-5B4/3,2016,V
750UW,CFM INTL.,CFM56 SERIES,2000,V
751UW,CFM INTL.,CFM56 SERIES,2000,V
752US,CFM INTL.,CFM56 SERIES,2000,V
753US,CFM INTL.,CFM56 SERIES,2000,V
75410,CFM INTL.,CFM56 SERIES,2001,V
75425,CFM INTL,CFM56-7B26/3,2008,V
75426,CFM INTL,CFM56-7B26/3,2008,V
75428,CFM INTL,CFM56-7B26/3,2008,V
75429,CFM INTL,CFM56-7B26/3,2008,V
75432,CFM INTL,CFM56-7B26/3,2009,V
75433,CFM INTL,CFM56-7B26/3,2009,V
75435,CFM INTL,CFM56-7B26/3,2009,V
75436,CFM INTL,CFM56-7B26/3,2009,V
754UW,CFM INTL.,CFM56 SERIES,2000,V
755AV,CFM INTL,CFM56-5B4/3,2016,V
755US,CFM INTL.,CFM56 SERIES,2000,V
756US,CFM INTL.,CFM56 SERIES,2000,V
757LV,CFM INTL.,CFM56 SERIES,1999,V
757UW,CFM INTL.,CFM56 SERIES,2000,V
758US,CFM INTL.,CFM56 SERIES,2000,V
7600K,CFM INTL.,CFM56 SERIES,2001,V
760US,CFM INTL.,CFM56 SERIES,2000,V
76254,CFM INTL.,CFM56 SERIES,2000,V
76265,CFM INTL.,CFM56 SERIES,2001,V
76269,CFM INTL.,CFM56 SERIES,2001,V
76288,CFM INTL.,CFM56 SERIES,2004,V
762US,CFM INTL.,CFM56 SERIES,2000,V
763AV,CFM INTL,CFM56-5B4,2011,V
763US,CFM INTL.,CFM56 SERIES,2000,V
764US,CFM INTL.,CFM56 SERIES,2000,V
76502,CFM INTL,CFM56-7B26,2006,V
76503,CFM INTL,CFM56-7B26,2006,V
76504,CFM INTL,CFM56-7B26,2006,V
76505,CFM INTL,CFM56-7B26,2006,V
76508,CFM INTL,CFM56-7B26,2008,V
76514,CFM INTL,CFM56-7B26/3,2008,V
76515,CFM INTL,CFM56-7B26/3,2008,V
76516,CFM INTL,CFM56-7B26/3,2008,V
76517,CFM INTL,CFM56-7B26/3,2008,V
76519,CFM INTL,CFM56-7B26/3,2010,V
76522,CFM INTL,CFM56-7B26/3,2010,V
76523,CFM INTL,CFM56-7B26/3,2010,V
76526,CFM INTL,CFM56-7B26/3,2010,V
76528,CFM INTL,CFM56-7B26E,2010,V
76529,CFM INTL,CFM56-7B26/3,2010,V
76532,CFM INTL,CFM56-7B27E/F,2016,V
76533,CFM INTL,CFM56-7B27E,2016,V
765SW,CFM INTL.,CFM56 SERIES,2000,V
765US,CFM INTL.,CFM56 SERIES,2000,V
766US,CFM INTL.,CFM56 SERIES,2000,V
767UW,CFM INTL.,CFM56 SERIES,2000,V
768US,CFM INTL.,CFM56 SERIES,2000,V
769US,CFM INTL.,CFM56 SERIES,2000,V
7702A,CFM INTL,CFM56-7B22,2004,V
7704B,CFM INTL,CFM56-7B22,2004,V
770UW,CFM INTL.,CFM56 SERIES,2000,V
7713A,CFM INTL.,CFM56 SERIES,2005,V
7715E,CFM INTL.,CFM56 SERIES,2005,V
771XF,CFM INTL.,CFM56 SERIES,2003,V
7721E,CFM INTL.,CFM56 SERIES,2006,V
7723E,CFM INTL.,CFM56 SERIES,2006,V
7724A,CFM INTL,CFM56-7B24,2009,V
77258,CFM INTL.,CFM56 SERIES,2000,V
77261,CFM INTL.,CFM56 SERIES,2001,V
77295,CFM INTL.,CFM56 SERIES,2005,V
77296,CFM INTL.,CFM56 SERIES,2005,V
7729A,CFM INTL,CFM56-7B22,2006,V
772XF,CFM INTL.,CFM56 SERIES,2003,V
7731A,CFM INTL,CFM56-7B22,2006,V
7732A,CFM INTL,CFM56-7B22,2006,V
7734H,CFM INTL,CFM56-7B22,2006,V
7735A,CFM INTL,CFM56-7B22,2006,V
7736A,CFM INTL,CFM56-7B24,2006,V
7737E,CFM INTL,CFM56-7B20,2006,V
7738A,CFM INTL,CFM56-7B22,2006,V
7739A,CFM INTL,CFM56-7B24,2006,V
773XF,CFM INTL.,CFM56 SERIES,2003,V
7740A,CFM INTL,CFM56-7B22,2007,V
7741C,CFM INTL,CFM56-7B24,2007,V
7742B,CFM INTL,CFM56-7B22,2007,V
77430,CFM INTL,CFM56-7B26/3,2009,V
77431,CFM INTL,CFM56-7B26/3,2009,V
7743B,CFM INTL,CFM56-7B22,2008,V
7744A,CFM INTL,CFM56-7B24,2007,V
7745A,CFM INTL,CFM56-7B22,2007,V
7746C,CFM INTL,CFM56-7B24,2007,V
7747C,CFM INTL,CFM56-7B22,2007,V
7748A,CFM INTL,CFM56-7B22,2007,V
7749B,CFM INTL,CFM56-7B22,2009,V
774DE,CFM INTL,CFM56-7B26,2012,V
774XF,CFM INTL,CFM56-5B6/P,2003,V
7750A,CFM INTL,CFM56-7B22,2008,V
77510,CFM INTL,CFM56-7B26,2008,V
77518,CFM INTL,CFM56-7B26/3,2008,V
7751A,CFM INTL,CFM56-7B22,2008,V
77520,CFM INTL,CFM56-7B26/3,2010,V
77525,CFM INTL,CFM56-7B26/3,2010,V
7752B,CFM INTL,CFM56-7B22,2008,V
77530,CFM INTL,CFM56-7B26/3,2011,V
77535,CFM INTL,CFM56-7B27E/F,2016,V
77536,CFM INTL,CFM56-7B27E/F,2016,V
77537,CFM INTL,CFM56-7B27E/F,2016,V
77538,CFM INTL,CFM56-7B27E/F,2016,V
77539,CFM INTL,CFM56-7B26E,2017,V
77542,CFM INTL,CFM56-7B26E,2017,V
775DE,CFM INTL,CFM56-7B26,2013,V
775SJ,CFM INTL,CFM56-3C,1997,V
775XF,CFM INTL,CFM56-5B6/P,2004,V
776DE,CFM INTL,CFM56-7B26,2013,V
776XF,CFM INTL,CFM56-5B6/P,2004,V
7777Q,CFM INTL.,CFM56 SERIES,2002,V
778MA,CFM INTL.,CFM56-7B,2006,V
778SW,CFM INTL.,CFM56 SERIES,2000,V
778XF,CFM INTL,CFM56-5B6,2009,V
7815L,CFM INTL,CFM56-7B22,2003,V
7820L,CFM INTL,CFM56-7B24,2002,V
7821L,CFM INTL,CFM56-7B24,2003,V
7823A,CFM INTL,CFM56-7B24,2003,V
7824A,CFM INTL.,CFM56 SERIES,2001,V
7825A,CFM INTL,CFM56-7B24,2003,V
7826B,CFM INTL,CFM56-7B24,2003,V
7827A,CFM INTL,CFM56-7B24,2003,V
78285,CFM INTL.,CFM56 SERIES,2004,V
7828A,CFM INTL,CFM56-7B24,2003,V
7829B,CFM INTL,CFM56-7B24,2003,V
782AC,CFM INTL,CFM56-7B26,2006,V
782SP,CFM INTL.,CFM56 SERIES,1968,V
7831B,CFM INTL,CFM56-7B24,2003,V
7832A,CFM INTL,CFM56-7B24,2003,V
7833A,CFM INTL,CFM56-7B24,2003,V
7835A,CFM INTL,CFM56-7B24,2005,V
783SW,CFM INTL.,CFM56 SERIES,2000,V
7841A,CFM INTL,CFM56-7B22,2001,N
78438,CFM INTL,CFM56-7B26/3,2009,V
7843A,CFM INTL,CFM56-7B24,2006,V
78448,CFM INTL,CFM56-7B26E,2012,V
7844A,CFM INTL,CFM56-7B24,2007,V
7847A,CFM INTL,CFM56-7B24,2005,V
7848A,CFM INTL,CFM56-7B24,2005,V
78501,CFM INTL,CFM56-7B26,2006,V
78506,CFM INTL,CFM56-7B26,2006,V
78509,CFM INTL,CFM56-7B27/B3,2008,V
78511,CFM INTL,CFM56-7B26,2008,V
78524,CFM INTL,CFM56-7B26/3,2010,V
7852A,CFM INTL,CFM56-7B24,2006,V
78540,CFM INTL,CFM56-7B26E,2017,V
7854B,CFM INTL,CFM56-7B24,2006,V
7855A,CFM INTL,CFM56-7B24,2005,V
7857B,CFM INTL,CFM56-7B24,2005,V
7858A,CFM INTL,CFM56-7B24,2005,V
7860A,CFM INTL,CFM56-7B24,2005,V
7861J,CFM INTL,CFM56-7B24,2005,V
7862A,CFM INTL,CFM56-7B24,2005,V
7863A,CFM INTL,CFM56-7B24,2002,V
7865A,CFM INTL.,CFM56 SERIES,2002,V
7866A,CFM INTL,CFM56-7B24,2002,V
7867A,CFM INTL,CFM56-7B24,,V
7868K,CFM INTL,CFM56-7B24,2001,V
7869A,CFM INTL,CFM56-7B24,2006,V
7873A,CFM INTL,CFM56-7B24,2004,V
7874B,CFM INTL,CFM56-7B24,2004,V
7875A,CFM INTL,CFM56-7B24,2004,V
7876A,CFM INTL,CFM56-7B24,2004,V
7877H,CFM INTL,CFM56-7B24,2005,V
7878A,CFM INTL,CFM56-7B24,2005,V
7879A,CFM INTL,CFM56-7B24,2005,V
7880D,CFM INTL,CFM56-7B24,2007,V
7881A,CFM INTL,CFM56-7B24,2008,V
7885A,CFM INTL,CFM56-7B24,2002,V
7886A,CFM INTL,CFM56-7B24,2007,V
7887A,CFM INTL,CFM56-7B24,2007,V
7888A,CFM INTL,CFM56-7B24,2007,V
7889A,CFM INTL,CFM56-7B24,2005,V
788DP,GE,CFM56 SERIES,1999,V
788XA,CFM INTL,CFM56-7B22,2004,V
789LS,CFM INTL.,CFM56 SERIES,1988,V
7901A,CFM INTL,CFM56-7B24,2005,V
7907A,CFM INTL,CFM56-7B24,2001,V
7919A,CFM INTL,CFM56-7B24,2005,V
79279,CFM INTL.,CFM56 SERIES,2003,V
7933A,CFM INTL,CFM56-7B24,2004,V
79402,CFM INTL.,CFM56 SERIES,2001,V
7949A,CFM INTL,CFM56-7B24,2004,V
79521,CFM INTL,CFM56-7B26/3,2010,V
79541,CFM INTL,CFM56-7B26E,2017,V
8001N,CFM INTL,CFM56-5B6,2013,V
8009T,CFM INTL,CFM56-5B6,2013,V
800KS,CFM INTL.,CFM56 SERIES,2000,V
800NN,CFM INTL,CFM56-7B24/3,2009,V
8011A,CFM INTL.,CFM56-7B,2005,V
801DZ,CFM INTL,CFM56-7B27E,2013,V
801NN,CFM INTL,CFM56-7B24/3,2009,V
801SY,CFM INTL.,CFM56 SERIES,2001,V
801XA,CFM INTL,CFM56-7B26E,2017,V
801XT,CFM INTL,CFM56-7B26/3,2007,V
8027D,CFM INTL,CFM56-5B7,2015,V
802DH,CFM INTL.,CFM56 SERIES,,V
802DN,CFM INTL,CFM56-7B27E,2013,V
802NN,CFM INTL,CFM56-7B24/3,,V
802TJ,GE,CFM56 SERIES,1990,V
802XA,CFM INTL,CFM56-7B26E,2017,V
802XT,CFM INTL,CFM56-7B26,2006,V
8030F,CFM INTL,CFM56-5B7/3,2015,V
8031M,CFM INTL,CFM56-5B7/3,2015,V
803DH,CFM INTL.,CFM56 SERIES,,V
803DN,CFM INTL,CFM56-7B27E,2013,V
803NN,CFM INTL,CFM56-7B24/3,,V
803TJ,CFM INTL,CFM56-3C1,1993,V
803XA,CFM INTL,CFM56-7B26E,2017,V
803XT,CFM INTL,CFM56-7B26,2006,V
804DH,CFM INTL.,CFM56 SERIES,,V
804DN,CFM INTL,CFM56-7B27E,2013,V
804NN,CFM INTL,CFM56-7B24/3,,V
804SY,CFM INTL.,CFM56 SERIES,2001,V
804TJ,CFM INTL.,CFM56 SERIES,1989,V
804VL,CFM INTL,CFM56-7B26E,2012,V
804XA,CFM INTL,CFM56-7B26E,2017,V
805DN,CFM INTL,CFM56-7B27/B1,2013,V
805NN,CFM INTL,CFM56-7B24/3,2009,V
805SY,CFM INTL.,CFM56 SERIES,2001,V
805VL,CFM INTL,CFM56-7B26E,2012,V
805XA,CFM INTL,CFM56-7B26E,2017,V
806DN,CFM INTL,CFM56-7B27E,2013,V
806NN,CFM INTL,CFM56-7B24/3,2009,V
806TJ,CFM INTL.,CFM56 SERIES,1992,V
806VL,CFM INTL,CFM56-7B26/3,2006,V
806XA,CFM INTL,CFM56-7B26E,2017,V
807DN,CFM INTL,CFM56-7B27E,2013,V
807NN,CFM INTL,CFM56-7B24/3,,V
807TJ,CFM INTL.,CFM56 SERIES,1992,V
807VL,CFM INTL,CFM56-7B26/3,2009,V
807XA,CFM INTL,CFM56-7B26E,2018,V
808DN,CFM INTL,CFM56-7B27E,2013,V
808NN,CFM INTL,CFM56-7B24/3,,V
808SY,CFM INTL,CFM56-7B27,2005,V
808TJ,CFM INTL.,CFM56 SERIES,1993,V
808VL,CFM INTL.,CFM56-7B,2009,V
809DN,CFM INTL,CFM56-7B27E,2013,V
809NN,CFM INTL,CFM56-7B24/3,2009,V
809SY,CFM INTL.,CFM56 SERIES,2005,V
809VL,CFM INTL,CFM56-7B22,2010,V
810DN,CFM INTL,CFM56-7B27E,2013,V
810NN,CFM INTL,CFM56-7B24/3,2009,V
810VL,CFM INTL,CFM56-7B26/3,2009,V
8111A,CFM INTL,CFM56-7B24/3,2002,V
811DZ,CFM INTL,CFM56-7B27E,2013,V
811NN,CFM INTL,CFM56-7B24/3,2009,V
811TJ,CFM INTL.,CFM56 SERIES,1986,V
811VL,CFM INTL,CFM56-7B26/3,2010,V
812DN,CFM INTL,CFM56-7B27E,2013,V
812NN,CFM INTL,CFM56-7B24/3,2009,V
812VL,CFM INTL,CFM56-7B24/3,2010,V
813DN,CFM INTL,CFM56-7B27E,2014,V
813NN,CFM INTL,CFM56-7B24/3,2009,V
813SY,CFM INTL,CFM56-7B26,2001,V
813VL,CFM INTL,CFM56-7B26/3,2009,V
81449,CFM INTL,CFM56-7B26E,2012,V
814DN,CFM INTL,CFM56-7B27E,2014,V
814NN,CFM INTL,CFM56-7B24/3,2009,V
814SY,CFM INTL,CFM56-7B24,2001,V
814VL,GE,CFM56 SERIES,2011,V
815DN,CFM INTL,CFM56-7B27E,2014,V
815NN,CFM INTL,CFM56-7B24/3,2009,V
815VL,CFM INTL,CFM56-7B26E,2012,V
816DN,CFM INTL,CFM56-7B27E,2014,V
816NN,CFM INTL,CFM56-7B24/3,2009,V
816SY,CFM INTL,CFM56-7B26,2001,V
817DN,CFM INTL,CFM56-7B27E,2014,V
817NN,CFM INTL,CFM56-7B24/3,2009,V
818DA,CFM INTL,CFM56-7B27E,2014,V
818NN,CFM INTL,CFM56-7B24/3,2009,V
819DN,CFM INTL,CFM56-7B27E,2014,V
819NN,CFM INTL,CFM56-7B24/3,2009,V
819SY,CFM INTL,CFM56-7B26,2006,V
820DN,CFM INTL,CFM56-7B27E,2014,V
820NN,CFM INTL,CFM56-7B24/3,2009,V
820SY,CFM INTL,CFM56-7B27E,2014,V
821AV,CFM INTL,CFM56-5B4,2011,V
821DN,CFM INTL,CFM56-7B27E,2014,V
821NN,CFM INTL,CFM56-7B24/3,2010,V
821SY,CFM INTL,CFM56-7B27E,2014,V
822DN,CFM INTL,CFM56-7B27E,2014,V
822NN,CFM INTL,CFM56-7B24/3,2010,V
822SY,CFM INTL,CFM56-7B26,2004,V
823DN,CFM INTL,CFM56-7B27E,2014,V
823NN,CFM INTL,CFM56-7B24/3,2010,V
824DN,CFM INTL,CFM56-7B27E,2014,V
824NN,CFM INTL,CFM56-7B24/3,2010,V
824SY,CFM INTL,CFM56-7B26,2005,V
825AM,CFM INTL,CFM56-7B27E,2014,V
825DN,CFM INTL,CFM56-7B27E,2014,V
825NN,CFM INTL,CFM56-7B24/3,2010,V
825SY,CFM INTL,CFM56-7B26,2006,V
826DN,CFM INTL,CFM56-7B27E,2014,V
826NN,CFM INTL,CFM56-7B24/3,2010,V
826SY,CFM INTL,CFM56-7B26,2006,V
827DN,CFM INTL,CFM56-7B27E,2014,V
827NN,CFM INTL,CFM56-7B24/3,2010,V
827SY,CFM INTL,CFM56-7B26,2006,V
828DN,CFM INTL,CFM56-7B27E,2014,V
828SY,CFM INTL,CFM56-7B26,2006,V
829DN,CFM INTL,CFM56-7B27E,2014,V
829NN,CFM INTL,CFM56-7B24/3,2010,V
829SY,CFM INTL,CFM56-7B26,2006,V
8301J,CFM INTL,CFM56-7B27,2012,V
8302F,CFM INTL,CFM56-7B27,2012,V
8303R,CFM INTL,CFM56-7B27E,2012,V
8305E,CFM INTL,CFM56-7B27,2012,V
8306H,CFM INTL,CFM56-7B27,2012,V
8307K,CFM INTL,CFM56-7B27E,2012,V
8308K,CFM INTL,CFM56-7B27,2012,V
8309C,CFM INTL,CFM56-7B27,2012,V
830DN,CFM INTL,CFM56-7B27E,2014,V
830NN,CFM INTL,CFM56-7B24/3,2010,V
830SY,CFM INTL,CFM56-7B27/B1,2001,V
8310C,CFM INTL,CFM56-7B27,2012,V
8311Q,CFM INTL,CFM56-7B26E,2012,V
8312C,CFM INTL,CFM56-7B27E,2012,V
8313F,CFM INTL,CFM56-7B27E,2012,V
8314L,CFM INTL,CFM56-7B27E,2012,V
8315C,CFM INTL,CFM56-7B27E,2012,V
8316H,CFM INTL,CFM56-7B27E,2012,V
8317M,CFM INTL,CFM56-7B27E,2012,V
8318F,CFM INTL,CFM56-7B27E,2012,V
8319F,CFM INTL,CFM56-7B27E,2012,V
831DN,CFM INTL,CFM56-7B27E,2014,V
831NN,CFM INTL,CFM56-7B24/3,2010,V
831SY,CFM INTL,CFM56-7B27/B1,2002,V
8320J,CFM INTL,CFM56-7B27E,2012,V
8321D,CFM INTL,CFM56-7B27E,2012,V
8322X,CFM INTL,CFM56-7B27E,2012,V
8323C,CFM INTL,CFM56-7B27E,2012,V
8324A,CFM INTL,CFM56-7B27E,2012,V
8325D,CFM INTL,CFM56-7B27E,2012,V
8326F,CFM INTL,CFM56-7B27E,2012,V
8327A,CFM INTL,CFM56-7B27E,2012,V
8328A,CFM INTL,CFM56-7B27E,2012,V
8329B,CFM INTL,CFM56-7B27E,2012,V
832DN,CFM INTL,CFM56-7B27E,2015,V
832NN,CFM INTL,CFM56-7B24/3,2010,V
832SY,CFM INTL,CFM56-7B26/3,2011,V
833DN,CFM INTL,CFM56-7B27E,2015,V
833NN,CFM INTL,CFM56-7B24/3,2010,V
833SY,CFM INTL,CFM56-7B26/3,2011,V
834DN,CFM INTL,CFM56-7B27E,2015,V
834NN,CFM INTL,CFM56-7B24/3,2010,V
834SY,CFM INTL,CFM56-7B26/3,2011,V
835DN,CFM INTL,CFM56-7B27E,2015,V
835NN,CFM INTL,CFM56-7B24/3,2010,V
835SY,CFM INTL.,CFM56-7B,2011,V
836BA,CFM INTL.,CFM56 SERIES,2000,V
836DN,CFM INTL,CFM56-7B27E,2015,V
836NN,CFM INTL,CFM56-7B24/3,2010,V
836SY,CFM INTL,CFM56-7B27AE,2012,V
837DN,CFM INTL,CFM56-7B27E,2015,V
837NN,CFM INTL,CFM56-7B24/3,2010,V
837SY,CFM INTL.,CFM56-7B,2012,V
837VA,CFM INTL,CFM56-5B4,2011,V
838DN,CFM INTL,CFM56-7B27E,2015,V
838NN,CFM INTL,CFM56-7B24/3,2010,V
838SY,CFM INTL,CFM56-7B26,2002,V
839BA,CFM INTL,CFM56-7B27EB3,2016,V
839DN,CFM INTL,CFM56-7B27E,2015,V
839NN,CFM INTL,CFM56-7B24/3,2010,V
839SY,CFM INTL,CFM56-7B26E,2017,V
840DN,CFM INTL,CFM56-7B27E,2015,V
840NN,CFM INTL,CFM56-7B24/3,2010,V
840SY,CFM INTL,CFM56-7B26E,2017,V
841DN,CFM INTL,CFM56-7B27E,2015,V
841NN,CFM INTL,CFM56-7B24,2010,V
841SY,CFM INTL,CFM56-7B26/3,2010,V
842DN,CFM INTL,CFM56-7B27E,2015,V
842NN,CFM INTL,CFM56-7B24/3,2010,V
842SY,GE,CFM56 SERIES,2012,V
843DN,CFM INTL,CFM56-7B27E,2015,V
843NN,CFM INTL,CFM56-7B24/3,2010,V
843SY,CFM INTL,CFM56-7B26/3,2011,V
844DN,CFM INTL,CFM56-7B27E,2015,V
844NN,CFM INTL,CFM56-7B24/3,2010,V
844SY,CFM INTL,CFM56-7B26/3,2014,V
845AM,CFM INTL,CFM56-7B27E,2014,V
845DN,CFM INTL,CFM56-7B27E,2015,V
845NN,CFM INTL,CFM56-7B24/3,2010,V
845SY,CFM INTL,CFM56-7B26/3,2011,V
846DN,CFM INTL,CFM56-7B27E,2015,V
846NN,CFM INTL,CFM56-7B24/3,2010,V
846SY,CFM INTL,CFM56-7B26E,2013,V
847DN,CFM INTL,CFM56-7B27E,2015,V
847NN,CFM INTL,CFM56-7B24/3,2010,V
847SY,CFM INTL,CFM56-7B26E,2013,V
848DN,CFM INTL,CFM56-7B27E,2015,V
848NN,CFM INTL,CFM56-7B24/3,2010,V
848SY,CFM INTL.,CFM56-7B,2015,V
849DN,CFM INTL,CFM56-7B27E,2015,V
849NN,CFM INTL,CFM56-7B24/3,2010,V
849SY,CFM INTL,CFM56-7B26,2015,V
8501V,CFM INTL,CFM56-7B27E/F,2016,V
8502Z,CFM INTL,CFM56-7B27E/F,2016,V
8503A,CFM INTL,CFM56-7B27E/F,2016,V
8504G,CFM INTL,CFM56-7B27E/F,2016,V
8507C,CFM INTL,CFM56-7B27E/F,2016,V
8508W,CFM INTL,CFM56-7B27E/F,2016,V
8509U,CFM INTL,CFM56-7B27E/F,2016,V
850DN,CFM INTL,CFM56-7B27E,,V
850MT,CFM INTL.,CFM56 SERIES,,V
850NN,CFM INTL,CFM56-7B24/3,2010,V
850SY,CFM INTL,CFM56-7B26E,2014,V
8510E,CFM INTL,CFM56-7B27E/F,2016,V
8511K,CFM INTL,CFM56-7B27E/F,2016,V
8512U,CFM INTL,CFM56-7B27E/F,2016,V
8513F,CFM INTL,CFM56-7B27E/F,2016,V
8514F,CFM INTL,CFM56-7B27E/F,2016,V
8515X,CFM INTL,CFM56-7B27E/F,2016,V
8517F,CFM INTL,CFM56-7B27E/F,2016,V
8518R,CFM INTL,CFM56-7B27E/F,2016,V
8519R,CFM INTL,CFM56-7B27E/F,2017,V
851DN,CFM INTL,CFM56-7B27E,2016,V
851NN,CFM INTL,CFM56-7B24/3,2010,V
851SY,CFM INTL,CFM56-7B26E,2013,V
8520Q,CFM INTL,CFM56-7B27E/F,2017,V
8522P,CFM INTL,CFM56-7B27E/F,2017,V
8523W,CFM INTL,CFM56-7B27E/F,2017,V
8524Z,CFM INTL,CFM56-7B27E/F,2017,V
8525S,CFM INTL,CFM56-7B27E/F,2017,V
8526W,CFM INTL,CFM56-7B27E/F,2017,V
8527Q,CFM INTL,CFM56-7B27E/F,2017,V
8528Q,CFM INTL,CFM56-7B27E/F,2017,V
8529Z,CFM INTL,CFM56-7B27E/F,2017,V
852DN,CFM INTL,CFM56-7B27E,2016,V
852NN,CFM INTL,CFM56-7B24/3,2010,V
852SY,CFM INTL,CFM56-7B27/3,2010,V
8530W,CFM INTL,CFM56-7B27E/F,2017,V
8531Q,CFM INTL,CFM56-7B27E/F,2017,V
8532S,CFM INTL,CFM56-7B27E/F,2017,V
8533S,CFM INTL,CFM56-7B27E/F,2017,V
8534Z,CFM INTL,CFM56-7B27E/F,2017,V
8535S,CFM INTL,CFM56-7B27E/F,2017,V
8536Z,CFM INTL,CFM56-7B27E/F,2017,V
8537Z,CFM INTL,CFM56-7B27E/F,2017,V
8538V,CFM INTL,CFM56-7B27E/F,2017,V
8539V,CFM INTL,CFM56-7B27E/F,2017,V
853DN,CFM INTL,CFM56-7B27EB3,2016,V
853NN,CFM INTL,CFM56-7B24/3,2010,V
8540V,CFM INTL,CFM56-7B27E/F,2017,V
8541W,CFM INTL,CFM56-7B27E/F,2017,V
8542Z,CFM INTL,CFM56-7B27E/F,2017,V
8543Z,CFM INTL.,CFM56 SERIES,2017,V
8544Z,CFM INTL,CFM56-7B27E/F,2017,V
8545V,CFM INTL,CFM56-7B27E/F,2017,V
8546V,CFM INTL,CFM56-7B27E/F,2017,V
8547V,CFM INTL,CFM56-7B27E/F,2017,V
8548P,CFM INTL,CFM56-7B27E/F,2017,V
8549Z,CFM INTL,CFM56-7B27E/F,2017,V
854DN,CFM INTL.,CFM56 SERIES,2016,V
854NN,CFM INTL,CFM56-7B24/3,2010,V
8550Q,CFM INTL,CFM56-7B27E/F,2017,V
8551Q,CFM INTL,CFM56-7B27E/F,2017,V
8552Z,CFM INTL,CFM56-7B27E/F,2017,V
8553W,CFM INTL,CFM56-7B27E/F,2017,V
8554X,CFM INTL,CFM56-7B27E/F,2017,V
8555Z,CFM INTL,CFM56-7B27E/F,2017,V
8556Z,CFM INTL,CFM56-7B27E/F,2017,V
8557Q,CFM INTL,CFM56-7B27E/F,2017,V
8558Z,CFM INTL,CFM56-7B27E/F,2017,V
8559Q,CFM INTL,CFM56-7B27E/F,2018,V
855DN,CFM INTL,CFM56-7B27/B1,2016,V
855NN,CFM INTL,CFM56-7B24/3,2010,V
855SY,CFM INTL.,CFM56-7B,2013,V
8560Z,CFM INTL,CFM56-7B27E/F,2018,V
8561Z,CFM INTL,CFM56-7B27E/F,2018,V
8562Z,CFM INTL,CFM56-7B27E/F,2018,V
8563Z,CFM INTL.,CFM56 SERIES,2018,V
8564Z,CFM INTL,CFM56-7B27E/F,2018,V
8565Z,CFM INTL,CFM56-7B27E/F,2018,V
8566Z,CFM INTL,CFM56-7B27E/F,2018,V
8567Z,CFM INTL,CFM56-7B27E/F,2018,V
8568Z,CFM INTL,CFM56-7B27E/F,2018,V
8569Z,CFM INTL,CFM56-7B27E/F,2018,V
856DN,CFM INTL,CFM56-7B27E/F,2016,V
856NN,CFM INTL,CFM56-7B24/3,2010,V
856SY,CFM INTL,CFM56-7B26E,2014,V
8570W,CFM INTL,CFM56-7B27E/F,2018,V
8571Z,CFM INTL,CFM56-7B27E/F,2018,V
8572X,CFM INTL,CFM56-7B27E/F,2018,V
8573Z,CFM INTL,CFM56-7B27E/F,2018,V
8574Z,CFM INTL,CFM56-7B27E/F,2018,V
8575Z,CFM INTL,CFM56-7B27E/F,2018,V
8576Z,CFM INTL,CFM56-7B27E/F,2018,V
8577Z,CFM INTL,CFM56-7B27E/F,2018,V
8578Q,CFM INTL,CFM56-7B27E/F,2018,V
8579Z,CFM INTL,CFM56-7B27E/F,2018,V
857DZ,CFM INTL,CFM56-7B27E,2016,V
857NN,CFM INTL,CFM56-7B24/3,2010,V
8580Z,CFM INTL,CFM56-7B27E/F,2018,V
8581Z,CFM INTL,CFM56-7B27E/F,2018,V
8582Z,CFM INTL,CFM56-7B27E/F,2018,V
8583Z,CFM INTL,CFM56-7B27E/F,2018,V
8584Z,CFM INTL,CFM56-7B27E/F,2018,V
858DZ,CFM INTL,CFM56-7B27E,2016,V
858NN,CFM INTL,CFM56-7B24/3,2010,V
859AM,CFM INTL.,CFM56 SERIES,2003,V
859DN,CFM INTL,CFM56-7B27E,2016,V
859NN,CFM INTL,CFM56-7B24/3,2010,V
859WP,CFM INTL,CFM56-7B22,2001,V
8600F,CFM INTL,CFM56-7B26E,2012,V
8602F,CFM INTL,CFM56-7B26E,2012,V
8603F,CFM INTL,CFM56-7B26E,2012,V
8605E,CFM INTL,CFM56-7B27E,2012,V
8607M,CFM INTL,CFM56-7B27E,2013,V
8608N,CFM INTL,CFM56-7B27E,2013,V
8609A,CFM INTL,CFM56-7B27E,2013,V
860DN,CFM INTL,CFM56-7B27E,2016,V
860NN,CFM INTL,CFM56-7B24/3,2010,V
8610A,CFM INTL,CFM56-7B27E,2013,V
8611F,CFM INTL,CFM56-7B27E,2013,V
8612K,CFM INTL,CFM56-7B27E,2013,V
8613K,CFM INTL,CFM56-7B27E,2013,V
8614M,CFM INTL,CFM56-7B27E,2013,V
8619F,CFM INTL,CFM56-7B27E,2013,V
861DN,CFM INTL,CFM56-7B27E,2016,V
861NN,CFM INTL,CFM56-7B24/3,2010,V
8621A,CFM INTL,CFM56-7B27E,2013,V
8623F,CFM INTL,CFM56-7B27E,2013,V
8626B,CFM INTL,CFM56-7B27E,2014,V
8628A,CFM INTL,CFM56-7B27E,2014,V
8629A,CFM INTL,CFM56-7B27E,2014,V
862AV,CFM INTL,CFM56-5B4,2011,V
862DN,CFM INTL,CFM56-7B27E,2016,V
862NN,CFM INTL,CFM56-7B24/3,2010,V
8630B,CFM INTL,CFM56-7B27E,2014,V
8631A,CFM INTL,CFM56-7B27E,2014,V
8632A,CFM INTL,CFM56-7B27E,2014,V
8637A,CFM INTL,CFM56-7B27E,2014,V
8639B,CFM INTL,CFM56-7B27E,2014,V
863DN,CFM INTL,CFM56-7B27E,2016,V
863NN,CFM INTL,CFM56-7B24/3,2010,V
8640D,CFM INTL,CFM56-7B27E,2014,V
8641B,CFM INTL,CFM56-7B27E,2014,V
8643A,CFM INTL,CFM56-7B27E,2014,V
8644C,CFM INTL,CFM56-7B27E/F,2014,V
8645A,CFM INTL,CFM56-7B27E,2014,V
8646B,CFM INTL,CFM56-7B27E,2014,V
8647A,CFM INTL,CFM56-7B27E,2014,V
8648A,CFM INTL,CFM56-7B27E,2014,V
8649A,CFM INTL,CFM56-7B27E,2014,V
864DN,CFM INTL,CFM56-7B27E,2016,V
864NN,CFM INTL,CFM56-7B24/3,2010,V
8650F,CFM INTL,CFM56-7B27E,2014,V
8651A,CFM INTL,CFM56-7B27E,2014,V
8652B,CFM INTL,CFM56-7B27E,2014,V
86534,CFM INTL,CFM56-7B27E/F,2016,V
8653A,CFM INTL,CFM56-7B27E,2014,V
8654B,CFM INTL,CFM56-7B27E,2014,V
8655D,CFM INTL,CFM56-7B27E,2014,V
8656B,CFM INTL,CFM56-7B27E,2014,V
8657B,CFM INTL,CFM56-7B27E,2015,V
8658A,CFM INTL,CFM56-7B27E,2015,V
8659D,CFM INTL,CFM56-7B27E,2015,V
865DN,CFM INTL.,CFM56 SERIES,2016,V
865NN,CFM INTL,CFM56-7B24/3,2010,V
8660A,CFM INTL,CFM56-7B27E,2015,V
8661A,CFM INTL,CFM56-7B27E,2015,V
8662F,CFM INTL,CFM56-7B27E,2015,V
8663A,CFM INTL,CFM56-7B27E,2015,V
8664J,CFM INTL,CFM56-7B27E,2015,V
8665D,CFM INTL,CFM56-7B27E,2015,V
8667D,CFM INTL,CFM56-7B27E,2015,V
8668A,CFM INTL,CFM56-7B27E,2015,V
8669B,CFM INTL,CFM56-7B27E,2015,V
866DN,CFM INTL,CFM56-7B27E,2016,V
866NN,CFM INTL,CFM56-7B24/3,2010,V
8670A,CFM INTL,CFM56-7B27E,2015,V
8671D,CFM INTL,CFM56-7B27E,2015,V
8672F,CFM INTL,CFM56-7B27E,2015,V
8673F,CFM INTL,CFM56-7B27E,2015,V
8674B,CFM INTL,CFM56-7B27A,2015,V
8675A,CFM INTL,CFM56-7B27E,2015,V
8676A,CFM INTL,CFM56-7B27E,2015,V
8677A,CFM INTL,CFM56-7B27E,2016,V
8678E,CFM INTL,CFM56-7B27E,2016,V
8679A,CFM INTL,CFM56-7B27E,2016,V
867DN,CFM INTL,CFM56-7B27/B1,2016,V
867NN,CFM INTL,CFM56-7B24/3,2011,V
8680C,CFM INTL,CFM56-7B27E,2016,V
8681M,CFM INTL,CFM56-7B27E/F,2016,V
8682B,CFM INTL,CFM56-7B27E/F,2016,V
8683D,CFM INTL,CFM56-7B27E/F,2016,V
8684F,CFM INTL,CFM56-7B27E/F,2016,V
8685B,CFM INTL,CFM56-7B27E,2016,V
8686A,CFM INTL,CFM56-7B27E/F,2016,V
8687A,CFM INTL,CFM56-7B27E/F,2016,V
8688J,CFM INTL,CFM56-7B27E/F,2016,V
8689C,CFM INTL,CFM56-7B27E/F,2016,V
868DN,CFM INTL,CFM56-7B27E,2016,V
868NN,CFM INTL,CFM56-7B24/3,2011,V
8690A,CFM INTL,CFM56-7B27E/F,2016,V
8691A,CFM INTL,CFM56-7B27E/F,2016,V
8692F,CFM INTL,CFM56-7B27E/F,2016,V
8693A,CFM INTL,CFM56-7B27E/F,2016,V
8694E,CFM INTL,CFM56-7B27E/F,2016,V
8695D,CFM INTL,CFM56-7B27E/F,2016,V
8696E,CFM INTL,CFM56-7B27E/F,2016,V
8697C,CFM INTL,CFM56-7B27E/F,2016,V
8698B,CFM INTL,CFM56-7B27E/F,2016,V
8699A,CFM INTL,CFM56-7B27E/F,2016,V
869DN,CFM INTL,CFM56-7B27E,2016,V
869HH,CFM INTL,CFM56-7B22,2001,V
869NN,CFM INTL,CFM56-7B24/3,2011,V
870DN,CFM INTL.,CFM56 SERIES,2017,V
870NN,CFM INTL,CFM56-7B24,2011,V
871NN,CFM INTL,CFM56-7B24E,2011,V
872DN,CFM INTL,CFM56-7B27E,2017,V
872NN,CFM INTL,CFM56-7B24/3,2011,V
873DN,CFM INTL,CFM56-7B27E,2017,V
873NN,CFM INTL,CFM56-7B24E,2011,V
874DN,CFM INTL,CFM56-7B27E,2017,V
874NN,CFM INTL,CFM56-7B24E,2011,V
87507,CFM INTL,CFM56-7B26,2008,V
87512,CFM INTL,CFM56-7B26,2008,V
87513,CFM INTL,CFM56-7B26/3,2008,V
87527,CFM INTL,CFM56-7B26/3,2010,V
87531,CFM INTL,CFM56-7B26/3,2011,V
875AM,CFM INTL,CFM56-7B27E,2014,V
875DN,CFM INTL,CFM56-7B27E,2017,V
875NN,CFM INTL,CFM56-7B24E,2011,V
8767,CFM INTL,CFM56-7B27/B3,2002,V
876NN,CFM INTL,CFM56-7B24E,2011,V
877DN,CFM INTL,CFM56-7B27E,2017,V
877NN,CFM INTL,CFM56-7B24E,2011,V
878DN,CFM INTL,CFM56-7B27E,2017,V
878NN,CFM INTL,CFM56-7B24E,2011,V
879DN,CFM INTL,CFM56-7B27E,2017,V
879NN,CFM INTL,CFM56-7B24E,2011,V
880DN,CFM INTL.,CFM56 SERIES,2017,V
880NN,CFM INTL,CFM56-7B24E,2011,V
881DN,CFM INTL.,CFM56 SERIES,2017,V
881NN,CFM INTL,CFM56-7B24E,2011,V
882DN,CFM INTL.,CFM56 SERIES,2017,V
882NN,CFM INTL,CFM56-7B24E,2011,V
883DN,CFM INTL.,CFM56 SERIES,2017,V
883NN,CFM INTL,CFM56-7B24,2012,V
883V,CFM INTL.,CFM56 SERIES,2008,V
884DN,CFM INTL,CFM56-7B27E,2017,V
884NN,CFM INTL,CFM56-7B24E,2012,V
885DN,CFM INTL.,CFM56 SERIES,2017,V
885LS,CFM INTL.,CFM56 SERIES,2001,V
885NN,CFM INTL,CFM56-7B24E,2012,V
886DN,CFM INTL.,CFM56 SERIES,2017,V
886NN,CFM INTL,CFM56-7B24E,2012,V
887DN,CFM INTL,CFM56-7B27E,2017,V
887NN,CFM INTL,CFM56-7B24E,2012,V
888AU,CFM INTL.,CFM56 SERIES,1998,V
888DU,CFM INTL,CFM56-7B27E,2017,V
888TY,CFM INTL.,CFM56 SERIES,2000,V
889DN,CFM INTL.,CFM56 SERIES,2017,V
889LS,GE,CFM56 SERIES,1999,V
889NN,CFM INTL,CFM56-7B24E,2012,V
890DN,CFM INTL.,CFM56 SERIES,2018,V
890NN,CFM INTL,CFM56-7B24E,2012,V
891DN,CFM INTL.,CFM56 SERIES,2018,V
891NN,CFM INTL,CFM56-7B24E,2012,V
892DN,CFM INTL,CFM56-7B27E,2018,V
892NN,CFM INTL,CFM56-7B24E,2012,V
893DN,CFM INTL.,CFM56 SERIES,2018,V
893NN,CFM INTL,CFM56-7B24E,2012,V
894DN,CFM INTL.,CFM56 SERIES,2018,V
894NN,CFM INTL,CFM56-7B24E,2012,V
895DN,CFM INTL,CFM56-7B27E,2018,V
895NN,CFM INTL,CFM56-7B24E,2012,V
896DN,CFM INTL.,CFM56 SERIES,2018,V
896NN,CFM INTL,CFM56-7B24E,2012,V
897DN,CFM INTL.,CFM56 SERIES,2018,V
897NN,CFM INTL,CFM56-7B24E,2012,V
898DN,CFM INTL.,CFM56 SERIES,2018,V
898NN,CFM INTL,CFM56-7B24E,2012,V
899DN,CFM INTL.,CFM56 SERIES,2018,V
899NN,CFM INTL,CFM56-7B24E,2012,V
90024,CFM INTL,CFM56-5B7/3,2014,V
9002U,CFM INTL,CFM56-5B6,2013,V
9004F,CFM INTL,CFM56-5B6,2013,V
9006,CFM INTL,CFM56-5B7,2013,V
9008U,CFM INTL,CFM56-5B6,2013,V
900DU,CFM INTL.,CFM56 SERIES,2018,V
900WN,CFM INTL,CFM56-7B24,2007,V
9010R,CFM INTL,CFM56-5B6,2013,V
9011P,CFM INTL,CFM56-5B6,2013,V
9012,CFM INTL,CFM56-5B6,2013,V
9013A,CFM INTL,CFM56-5B6,2013,V
9015D,CFM INTL,CFM56-5B6/3,2013,V
9016,CFM INTL,CFM56-5B6/3,2014,V
9017P,CFM INTL,CFM56-5B7,2014,V
9018E,CFM INTL,CFM56-5B6/3,2014,V
9019F,CFM INTL,CFM56-5B7,2014,V
901AN,CFM INTL.,CFM56 SERIES,1999,V
901DN,CFM INTL,CFM56-7B27E,2018,V
901NN,CFM INTL,CFM56-7B24E,2012,V
901SY,CFM INTL,CFM56-7B26,2014,V
901WN,CFM INTL,CFM56-7B24,2007,V
9021H,CFM INTL,CFM56-5B7,2014,V
9022G,CFM INTL,CFM56-5B7,2014,V
9023N,CFM INTL,CFM56-5B7,2014,V
9025B,CFM INTL,CFM56-5B7/3,2014,V
9026C,CFM INTL,CFM56-5B7,2015,V
9029F,CFM INTL,CFM56-5B7/3,2015,V
902AN,CFM INTL.,CFM56 SERIES,1999,V
902DN,CFM INTL,CFM56-7B27E,2018,V
902NN,CFM INTL,CFM56-7B24E,2012,V
902WN,CFM INTL,CFM56-7B24,2007,V
903AN,CFM INTL.,CFM56 SERIES,1999,V
903DN,CFM INTL,CFM56-7B27E,2018,V
903NN,CFM INTL,CFM56-7B24E,2012,V
903SY,CFM INTL,CFM56-7B26E,2015,V
903WN,CFM INTL,CFM56-7B24,2007,V
904AN,CFM INTL.,CFM56 SERIES,1999,V
904DN,CFM INTL,CFM56-7B27E,2018,V
904NN,CFM INTL,CFM56-7B24E,2012,V
904SY,CFM INTL,CFM56-7B26,2015,V
904WN,CFM INTL,CFM56-7B24,2008,V
905AN,CFM INTL.,CFM56 SERIES,1999,V
905DN,CFM INTL,CFM56-7B27E,2018,V
905NN,CFM INTL,CFM56-7B24E,2012,V
906AN,CFM INTL.,CFM56 SERIES,1999,V
906DN,CFM INTL,CFM56-7B27/B1,2018,V
906NN,CFM INTL,CFM56-7B24E,2012,V
906WN,CFM INTL,CFM56-7B24,2008,V
907AN,CFM INTL.,CFM56 SERIES,1999,V
907DN,CFM INTL,CFM56-7B27E,2018,V
907NN,CFM INTL,CFM56-7B24E,2012,V
907WN,CFM INTL,CFM56-7B24,2008,V
908AN,CFM INTL.,CFM56 SERIES,1999,V
908NN,CFM INTL,CFM56-7B24E,2012,V
908WN,CFM INTL,CFM56-7B24,2008,V
909AN,CFM INTL.,CFM56 SERIES,1999,V
909DN,CFM INTL,CFM56-7B27E/B,2018,V
909NN,CFM INTL,CFM56-7B24E,2012,V
909WN,CFM INTL,CFM56-7B24,2008,V
910AN,CFM INTL.,CFM56 SERIES,1999,V
910DU,CFM INTL,CFM56-7B27E,2018,V
910FR,CFM INTL.,CFM56 SERIES,2002,V
910NN,CFM INTL,CFM56-7B24E,2012,V
910WN,CFM INTL,CFM56-7B24,2008,V
911DQ,CFM INTL,CFM56-7B27E/B,2018,V
912AN,CFM INTL.,CFM56 SERIES,1999,V
912DU,CFM INTL,CFM56-7B27E/B,2018,V
912NN,CFM INTL,CFM56-7B24E,2012,V
912WN,CFM INTL,CFM56-7B24,2008,V
913AN,CFM INTL.,CFM56 SERIES,1999,V
913DU,CFM INTL,CFM56-7B27E/B,2018,V
913NN,CFM INTL,CFM56-7B24E,2013,V
913WN,CFM INTL,CFM56-7B24,2008,V
914AN,CFM INTL.,CFM56 SERIES,1999,V
914DU,CFM INTL,CFM56-7B27E/B,2019,V
914NN,CFM INTL,CFM56-7B24E,2013,V
914WN,CFM INTL,CFM56-7B24,2008,V
915AN,CFM INTL.,CFM56 SERIES,1999,V
915DU,CFM INTL,CFM56-7B27E/B,2019,V
915NN,CFM INTL,CFM56-7B24E,2013,V
915WN,CFM INTL,CFM56-7B24,2008,V
916AN,CFM INTL.,CFM56 SERIES,1999,V
916BR,CFM INTL,CFM56-7B26,1999,V
916DU,CFM INTL,CFM56-7B27E/B,2019,V
916NN,CFM INTL,CFM56-7B24E,2013,V
917AN,CFM INTL.,CFM56 SERIES,1999,V
917DU,CFM INTL,CFM56-7B27E/B,2019,V
917NN,CFM INTL,CFM56-7B24E,2013,V
917WN,CFM INTL,CFM56-7B24,2008,V
918AN,CFM INTL.,CFM56 SERIES,1999,V
918DU,CFM INTL,CFM56-7B27E/B,2019,V
918NN,CFM INTL,CFM56-7B24E,2013,V
919AN,CFM INTL.,CFM56 SERIES,1999,V
919DU,CFM INTL,CFM56-7B27E/B,2019,V
919NN,CFM INTL,CFM56-7B24E,2013,V
919WN,CFM INTL,CFM56-7B24,2008,V
920AN,CFM INTL.,CFM56 SERIES,1999,V
920DU,CFM INTL,CFM56-7B27/B1,2019,V
920NN,CFM INTL,CFM56-7B24E,2013,V
920WN,CFM INTL,CFM56-7B24,2008,V
921AN,CFM INTL.,CFM56 SERIES,1999,V
921DU,CFM INTL,CFM56-7B27E/B,2019,V
921NN,CFM INTL,CFM56-7B24E,2013,V
922AN,CFM INTL.,CFM56 SERIES,1999,V
922DZ,CFM INTL,CFM56-7B27E/B,2019,V
922NN,CFM INTL,CFM56-7B24E,2013,V
922WN,CFM INTL,CFM56-7B24,2008,V
923AN,CFM INTL.,CFM56 SERIES,1999,V
923DZ,CFM INTL,CFM56-7B27E/B,2019,V
923NN,CFM INTL,CFM56-7B24E,2013,V
923TR,CFM INTL.,CFM56 SERIES,,V
923WN,CFM INTL,CFM56-7B24,2008,V
9242Y,CFM INTL,CFM56-7B24,2001,V
924AN,CFM INTL.,CFM56 SERIES,1999,V
924DZ,CFM INTL,CFM56-7B27E/B,2019,V
924NN,CFM INTL,CFM56-7B24E,2013,V
924WN,CFM INTL,CFM56-7B24/3,2008,V
925AN,CFM INTL.,CFM56 SERIES,1999,V
925DZ,CFM INTL,CFM56-7B27E/B,2019,V
925NN,CFM INTL,CFM56-7B24E,2013,V
925WN,CFM INTL,CFM56-7B24,2008,V
926AN,CFM INTL.,CFM56 SERIES,2000,V
926DZ,CFM INTL,CFM56-7B27E/B,2019,V
926NN,CFM INTL,CFM56-7B24E,2013,V
926WN,CFM INTL,CFM56-7B24/3,2008,V
927AN,CFM INTL.,CFM56 SERIES,2000,V
927DZ,CFM INTL,CFM56-7B27E/B,2019,V
927NN,CFM INTL,CFM56-7B24E,2013,V
928AN,CFM INTL.,CFM56 SERIES,2000,V
928DU,CFM INTL,CFM56-7B27E/B,2019,V
928NN,CFM INTL,CFM56-7B24E,2013,V
928WN,CFM INTL,CFM56-7B24/3,2008,V
929AN,CFM INTL.,CFM56 SERIES,2000,V
929DZ,CFM INTL,CFM56-7B27E/B,2019,V
929NN,CFM INTL,CFM56-7B24E,2013,V
929WN,CFM INTL,CFM56-7B24/3,2008,V
93003,CFM INTL,CFM56-5B6,2013,V
930AN,CFM INTL.,CFM56 SERIES,2000,V
930DZ,CFM INTL,CFM56-7B27E/B,2019,V
930NN,CFM INTL,CFM56-7B24E,2013,V
930WN,CFM INTL,CFM56-7B24/3,2009,V
931AN,CFM INTL.,CFM56 SERIES,2000,V
931DQ,CFM INTL,CFM56-7B27E/B,2011,V
931NN,CFM INTL,CFM56-7B24E,2013,V
931WN,CFM INTL,CFM56-7B24/3,2009,V
932AN,CFM INTL.,CFM56 SERIES,2000,V
932NN,CFM INTL,CFM56-7B24E,2013,V
932WN,CFM INTL,CFM56-7B24/3,2009,V
933AN,CFM INTL.,CFM56 SERIES,2000,V
933NN,CFM INTL,CFM56-7B24E,2013,V
934AN,CFM INTL.,CFM56 SERIES,2000,V
934NN,CFM INTL,CFM56-7B24E,2013,V
935AN,CFM INTL.,CFM56 SERIES,2000,V
935DZ,CFM INTL.,CFM56-7B,2012,V
935NN,CFM INTL,CFM56-7B24E,2013,V
936AN,CFM INTL.,CFM56 SERIES,2000,V
936NN,CFM INTL,CFM56-7B24E,2013,V
936WN,CFM INTL,CFM56-7B24/3,2009,V
937AE,CFM INTL,CFM56-7B26,2007,V
937AN,CFM INTL.,CFM56 SERIES,2000,V
937NN,CFM INTL,CFM56-7B24E,2013,V
937WN,CFM INTL,CFM56-7B24/3,2009,V
938AN,CFM INTL.,CFM56 SERIES,2000,V
938NN,CFM INTL,CFM56-7B24E,2013,V
938WN,CFM INTL,CFM56-7B24/3,2009,V
939AN,CFM INTL.,CFM56 SERIES,2000,V
939AV,CFM INTL,CFM56-5B4,2011,V
939NN,CFM INTL,CFM56-7B24E,2013,V
939WN,CFM INTL,CFM56-7B24/3,2009,V
940AN,CFM INTL.,CFM56 SERIES,2000,V
940NN,CFM INTL,CFM56-7B24E,2013,V
940WN,CFM INTL,CFM56-7B24/3,2009,V
941AN,CFM INTL.,CFM56 SERIES,2000,V
941FR,CFM INTL.,CFM56 SERIES,2005,V
941NN,CFM INTL,CFM56-7B24E,2013,V
941WN,CFM INTL,CFM56-7B24/3,2009,V
942AN,CFM INTL.,CFM56 SERIES,2000,V
942NN,CFM INTL,CFM56-7B24E,2013,V
942WN,CFM INTL,CFM56-7B24/3,2009,V
943AN,CFM INTL.,CFM56 SERIES,2000,V
943FR,CFM INTL.,CFM56 SERIES,2005,V
943NN,CFM INTL,CFM56-7B24E,2013,V
943WN,CFM INTL,CFM56-7B24/3,2010,V
944AN,CFM INTL.,CFM56 SERIES,2000,V
944AV,CFM INTL,CFM56-5B4/3,2011,V
944NN,CFM INTL,CFM56-7B24E,2014,V
944WN,CFM INTL,CFM56-7B24/3,2010,V
945AN,CFM INTL.,CFM56 SERIES,2000,V
945AV,CFM INTL,CFM56-5B4/3,2011,V
945DZ,CFM INTL,CFM56-7B27E/B,2013,V
945FL,CFM INTL,CFM56-7B26,1999,V
945NN,CFM INTL,CFM56-7B24E,2014,V
945WN,CFM INTL,CFM56-7B24/3,2010,V
946AN,CFM INTL.,CFM56 SERIES,2000,V
946AV,CFM INTL,CFM56-5B4/3,2011,V
946NN,CFM INTL,CFM56-7B24E,2014,V
946WN,CFM INTL,CFM56-7B24/3,2010,V
947AN,CFM INTL.,CFM56 SERIES,2000,V
947NN,CFM INTL,CFM56-7B24E,2014,V
947WN,CFM INTL,CFM56-7B24/3,2010,V
948AN,CFM INTL.,CFM56 SERIES,2000,V
948AV,CFM INTL,CFM56-5B4/3,2011,V
948DZ,CFM INTL,CFM56-7B27E/B,2013,V
948NN,CFM INTL,CFM56-7B24E,2014,V
948WN,CFM INTL,CFM56-7B24/3,2010,V
949AN,CFM INTL.,CFM56 SERIES,2000,V
949FR,CFM INTL,CFM56-5B5/P,2006,V
949NN,CFM INTL,CFM56-7B24E,2014,V
949WN,CFM INTL,CFM56-7B24/3,2010,V
950AM,CFM INTL,CFM56-7B27/B1,,V
950AN,CFM INTL.,CFM56 SERIES,2000,V
950AV,CFM INTL,CFM56-5B4/3,2008,V
950DZ,CFM INTL,CFM56-7B27E/B,2013,V
950NN,CFM INTL,CFM56-7B24E,2014,V
950TR,CFM INTL,CFM56-7B27/B3,1999,V
950WN,CFM INTL,CFM56-7B24/3,2010,V
951AA,CFM INTL.,CFM56 SERIES,2000,V
951AV,CFM INTL,CFM56-5B4/3,2008,V
951NN,CFM INTL,CFM56-7B24E,2014,V
951WN,CFM INTL,CFM56-7B24/3,2010,V
952AA,CFM INTL.,CFM56 SERIES,2000,V
952NN,CFM INTL,CFM56-7B24E,2014,V
952WN,CFM INTL,CFM56-7B24/3,2010,V
953AN,CFM INTL.,CFM56 SERIES,2001,V
953DZ,CFM INTL,CFM56-7B27E/B,2013,V
953NN,CFM INTL,CFM56-7B24E,2014,V
953WN,CFM INTL,CFM56-7B24,2010,V
954AN,CFM INTL.,CFM56 SERIES,2001,V
954AV,CFM INTL,CFM56-5B4/3,2008,V
954DZ,CFM INTL,CFM56-7B27E/B,2013,V
954NN,CFM INTL,CFM56-7B24E,2014,V
954WN,CFM INTL,CFM56-7B24/3,2011,V
955AN,CFM INTL.,CFM56 SERIES,2001,V
955AV,CFM INTL,CFM56-5B4/3,2009,V
955NN,CFM INTL,CFM56-7B24E,2014,V
955WN,CFM INTL,CFM56-7B24/3,2011,V
956AN,CFM INTL.,CFM56 SERIES,2001,V
956AV,CFM INTL.,CFM56 SERIES,2014,V
956NN,CFM INTL,CFM56-7B24E,2014,V
956WN,CFM INTL,CFM56-7B24/3,2011,V
957AM,CFM INTL,CFM56-7B27E,2015,V
957AN,CFM INTL.,CFM56 SERIES,2001,V
957AV,CFM INTL.,CFM56 SERIES,2014,V
957NN,CFM INTL,CFM56-7B24E,2014,V
957WN,CFM INTL,CFM56-7B24/3,2011,V
958AM,CFM INTL,CFM56-7B27E,2015,V
958AN,CFM INTL.,CFM56 SERIES,2001,V
958AV,CFM INTL.,CFM56 SERIES,2014,V
958DZ,CFM INTL,CFM56-7B27E/B,2014,V
958NN,CFM INTL,CFM56-7B24E,2014,V
958WN,CFM INTL,CFM56-7B24/3,2011,V
959AN,CFM INTL.,CFM56 SERIES,2001,V
959AV,CFM INTL,CFM56-5B4/3,2014,V
959BP,CFM INTL,CFM56-7B22,2008,V
959DZ,CFM INTL,CFM56-7B27E/B,2014,V
959NN,CFM INTL,CFM56-7B24E,2014,V
959WN,GE,CFM56 SERIES,2011,V
960AN,CFM INTL.,CFM56 SERIES,2001,V
960AV,CFM INTL,CFM56-5B4/3,2014,V
960NN,CFM INTL,CFM56-7B24E,2014,V
960WN,CFM INTL,CFM56-7B24,2011,V
961AN,CFM INTL.,CFM56 SERIES,2001,V
961AV,CFM INTL,CFM56-5B4,2009,V
961AW,CFM INTL,CFM56-7B26,2002,V
961DZ,CFM INTL,CFM56-7B27E,2014,V
961NN,CFM INTL,CFM56-7B24E,2014,V
961WN,CFM INTL,CFM56-7B24,2011,V
962AN,CFM INTL.,CFM56 SERIES,2001,V
962NN,CFM INTL,CFM56-7B24E,2014,V
962WN,CFM INTL,CFM56-7B24,2011,V
963AN,CFM INTL.,CFM56 SERIES,2001,V
963DZ,CFM INTL,CFM56-7B27E/B,2014,V
963NN,CFM INTL,CFM56-7B24E,2014,V
963WN,CFM INTL,CFM56-7B24,2011,V
964AN,CFM INTL.,CFM56 SERIES,2001,V
964NN,CFM INTL,CFM56-7B24E,2015,V
964WN,CFM INTL,CFM56-7B24E,2011,V
965AN,CFM INTL.,CFM56 SERIES,2001,V
965NN,CFM INTL,CFM56-7B24E,2015,V
965WN,CFM INTL,CFM56-7B24E,2011,V
966AD,CFM INTL.,CFM56 SERIES,2003,V
966AN,CFM INTL.,CFM56 SERIES,2001,V
966NN,CFM INTL,CFM56-7B24E,2015,V
966WN,CFM INTL,CFM56-7B24E,2011,V
967AN,CFM INTL.,CFM56 SERIES,2001,V
967NN,CFM INTL,CFM56-7B24E,2015,V
967WN,CFM INTL,CFM56-7B24E,2011,V
968AN,CFM INTL.,CFM56 SERIES,2001,V
968NN,CFM INTL,CFM56-7B24E,2015,V
968WN,CFM INTL,CFM56-7B24E,2011,V
969AN,CFM INTL.,CFM56 SERIES,2001,V
969NN,CFM INTL,CFM56-7B24E,2015,V
969WN,CFM INTL,CFM56-7B24E,2011,V
970AN,CFM INTL.,CFM56 SERIES,2001,V
970NN,CFM INTL,CFM56-7B24E,2015,V
970ST,CFM INTL,CFM56-7B24,2008,V
971AN,CFM INTL.,CFM56 SERIES,2001,V
971NN,CFM INTL,CFM56-7B24E,2015,V
972AN,CFM INTL.,CFM56-7B,2001,V
972BJ,CFM INTL,CFM56-7B27/B3,2002,V
972EX,CFM INTL,CFM56-3C1,1991,V
972NN,CFM INTL,CFM56-7B24E,2015,V
973AN,CFM INTL.,CFM56 SERIES,2001,V
973NN,CFM INTL,CFM56-7B24E,2015,V
974AN,CFM INTL.,CFM56 SERIES,2001,V
975AN,CFM INTL.,CFM56 SERIES,2001,V
976AN,CFM INTL.,CFM56 SERIES,2001,V
976NN,CFM INTL,CFM56-7B24E,2015,V
977NN,CFM INTL,CFM56-7B24E,2015,V
978AN,CFM INTL.,CFM56 SERIES,2001,V
978NN,CFM INTL,CFM56-7B24E,2015,V
979AN,CFM INTL,CFM56-7B24/3,2009,V
979NN,CFM INTL,CFM56-7B24E,2015,V
980AN,CFM INTL,CFM56-7B24/3,2009,V
980AV,CFM INTL,CFM56-5B4,2009,V
980NN,CFM INTL,CFM56-7B24E,2015,V
980ST,CFM INTL,CFM56-3C,1990,V
981AN,CFM INTL,CFM56-7B24/3,2009,V
981NN,CFM INTL,CFM56-7B24E,2015,V
982AN,CFM INTL,CFM56-7B24/3,2009,V
982NN,CFM INTL,CFM56-7B24E,2015,V
983AN,CFM INTL,CFM56-7B24/3,2009,V
983NN,CFM INTL,CFM56-7B24E,2015,V
984NN,CFM INTL,CFM56-7B24E,2016,V
985NN,CFM INTL,CFM56-7B24E,2016,V
986NN,CFM INTL,CFM56-7B24E,2016,V
986PC,CFM INTL,CFM56-3C1,1991,V
987AN,CFM INTL,CFM56-7B24/3,2009,V
987NN,CFM INTL,CFM56-7B24E,2016,V
988NN,CFM INTL,CFM56-7B24E,2016,V
989AN,CFM INTL,CFM56-7B24/3,2009,V
989NN,CFM INTL,CFM56-7B24E,2016,V
990AN,CFM INTL,CFM56-7B24/3,2009,V
990NN,CFM INTL,CFM56-7B24E,2016,V
990ST,CFM INTL,CFM56-3C,1989,V
991AN,CFM INTL,CFM56-7B24/3,2009,V
991NN,CFM INTL,CFM56-7B24E,2016,V
992AN,CFM INTL,CFM56-7B24/3,2009,V
992AV,CFM INTL,CFM56-5B4,2009,V
992NN,CFM INTL,CFM56-7B24E,2016,V
993NN,CFM INTL,CFM56-7B24E,2016,V
994NN,CFM INTL,CFM56-7B24E,2016,V
995NN,CFM INTL,CFM56-7B24E,2016,V
996NN,CFM INTL,CFM56-7B24E,2016,V
997NN,CFM INTL,CFM56-7B24,2016,V
998NN,CFM INTL,CFM56-7B24E,2016,V
9PF,CFM INTL,CFM56-7B27/B3,2009,V
