employer,role,postingId,posted,observed,status,specificity,url,historicalMatchedCount
Jereh,Senior Strategic Sourcing Manager – Power Generation (Gas Turbines),4469616069,,2026-10-05,Employer-posted public description reviewed,Gas turbine sourcing; not exclusive to Mod-1,https://www.linkedin.com/jobs/view/senior-strategic-sourcing-manager-%E2%80%93-power-generation-gas-turbines-at-jereh-north-america-group-4469616069,
Jereh,Senior controls engineer,4450528560,,2026-10-05,Expired redirect; not counted as current,Search-index lead only,https://www.linkedin.com/jobs/view/senior-engineer-at-jereh-north-america-group-4450528560,
FTAI,Power Technician,,,2026-10-05,Secondary mirror; employer ATS corroboration unavailable,"Power commissioning / service lead, excluded from verified count",https://www.tealhq.com/job/power-technician_7ea1a574692149504c263c9480f00886b657d,
Jereh,Senior HR Recruiter,,2025-07 (month only),2026-10-05,Displayed on official careers page; no unique requisition ID,Group-wide; not dedicated Mod-1 throughput,https://www.jereh-nag.com/careers/careers.jsp,
Jereh,Global Supply Chain Director,,2025-07 (month only),2026-10-05,Displayed on official careers page; no unique requisition ID,Group-wide; not dedicated Mod-1 throughput,https://www.jereh-nag.com/careers/careers.jsp,
Jereh,Sales Support Specialist,,2025-07 (month only),2026-10-05,Displayed on official careers page; no unique requisition ID,Group-wide; not dedicated Mod-1 throughput,https://www.jereh-nag.com/careers/careers.jsp,
Jereh,Account Director (Canada),,2025-07 (month only),2026-10-05,Displayed on official careers page; no unique requisition ID,Group-wide; not dedicated Mod-1 throughput,https://www.jereh-nag.com/careers/careers.jsp,
Jereh,Sr. Account Manager – NexGen Frac & Mobile Power Solutions,,2025-07 (month only),2026-10-05,Displayed on official careers page; no unique requisition ID,Group-wide; not dedicated Mod-1 throughput,https://www.jereh-nag.com/careers/careers.jsp,
Jereh,Director of Engineering,,2025-07 (month only),2026-10-05,Displayed on official careers page; no unique requisition ID,Group-wide; not dedicated Mod-1 throughput,https://www.jereh-nag.com/careers/careers.jsp,
