id,title,url,date,locator,file
q2,FTAI Q2 2026 supplement,https://ir.ftaiaviation.com/static-files/a8601ed2-7367-4a33-898f-5163eb8b212d,2026-07-29,"Slides 6–7, 13, 22 and 29",investment_q2.pdf
q1,FTAI Q1 2026 results,https://ir.ftaiaviation.com/news-releases/news-release-details/ftai-aviation-ltd-reports-first-quarter-2026-results-increases,2026-04-29,Consolidated balance sheet; business highlights,investment_q1.html
q325,FTAI Q3 2025 supplement,https://ir.ftaiaviation.com/static-files/aed77832-87d4-48bf-b387-afadf227e301,2025-10-28,Slide 35: condensed balance sheet,investment_q325.pdf
q225,FTAI Q2 2025 results,https://ir.ftaiaviation.com/news-releases/news-release-details/ftai-aviation-ltd-reports-second-quarter-2025-results-declares,2025-07-30,Consolidated balance sheet,investment_q225.html
sec,FTAI Q2 2026 Form 10-Q,https://www.sec.gov/Archives/edgar/data/1590364/000162828026051412/ftai-20260630.htm,2026-07-31,Balance sheet; cash-flow statement; inventory / cash-flow policies; Note 11,investment_sec.html
release,FTAI Q2 2026 results filed with SEC,https://www.sec.gov/Archives/edgar/data/1590364/000162828026050622/ftai6302026earningsrelease.htm,2026-07-29,Business highlights: FY2027 Power guidance,investment_release.html
tour,FTAI Montreal site tour,https://ir.ftaiaviation.com/static-files/76403092-47a7-4874-abf6-62986762f8cd,2025-11-18,"Slides 9–13: exchange pool, dedicated lines, training academy",investment_tour.pdf
contract,Jereh major-contract announcement,https://static.cninfo.com.cn/finalpage/2026-07-23/1225436739.PDF,2026-07-23,PDF pp. 1–3; announcement signed July 22,jereh_contract.pdf
update,Jereh investor activity record,https://static.cninfo.com.cn/finalpage/2026-09-05/1225550221.PDF,2026-09-05,"PDF pp. 2–3, questions 2–4; September 4 meeting",jereh_update.pdf
ftai_configuration,FTAI Montreal Power configuration engineer,https://ca.linkedin.com/jobs/view/manufacturing-system-configuration-engineer-at-ftai-aviation-4459317477,2026-09-17,"Employer job ID 4459317477, overview/responsibilities",
ftai_industrial,FTAI industrial engineer historical listing,https://ca.linkedin.com/jobs/view/industrial-engineer-at-ftai-aviation-4432280973,,Search-index description; direct page expired,
gensystems_test,GenSystems Houston IC&E technician,https://www.linkedin.com/jobs/view/instrumentation-controls-electronics-ic-e-technician-at-gensystems-power-solutions-4472576877,2026-10-01,"Employer job ID 4472576877, responsibilities",
gensystems_planning,GenSystems / Jereh production-planner recruiting post,https://www.linkedin.com/posts/melissa-castro0707_nowhiring-productionplanner-capacityplanning-activity-7498474195656564736-EUHB,2026-08-26,Recruiter post and Houston manufacturing location,
jereh_sourcing,Jereh gas-turbine sourcing role,https://www.linkedin.com/jobs/view/senior-strategic-sourcing-manager-%E2%80%93-power-generation-gas-turbines-at-jereh-north-america-group-4469616069,,"Employer-posted description, ID 4469616069",
