id,sheetRow,family,category,area,description,partNumber,condition,sourceQuantity,engineSerial,cyclesRemaining,sourceTable,sourceRow,note,sourceImage,includedQuantity,treatment,stockDate,observed,powerEligibility
sheet-row-5,5,CFM56-5B,Life Limited Parts,Fan,Booster Spool,338-001-906-0,R,1,575700,19788,5B_Fan_LLPs,1,,https://images.typeform.com/images/6geAiPQ4wQiv/image/default-firstframe.png,1,Include,,2026-10-05,Unknown; individual parts are not complete cores
sheet-row-6,6,CFM56-5B,Life Limited Parts,Fan,Fan Shaft,338-010-601-0,R,1,575765,7220,5B_Fan_LLPs,2,,https://images.typeform.com/images/6geAiPQ4wQiv/image/default-firstframe.png,1,Include,,2026-10-05,Unknown; individual parts are not complete cores
sheet-row-7,7,CFM56-5B,Life Limited Parts,Fan,Booster Spool,338-001-906-0,R,1,643886,12181,5B_Fan_LLPs,3,,https://images.typeform.com/images/6geAiPQ4wQiv/image/default-firstframe.png,1,Include,,2026-10-05,Unknown; individual parts are not complete cores
sheet-row-8,8,CFM56-5B,Life Limited Parts,Fan,Fan Disk,338-001-504-0,R,1,643886,12181,5B_Fan_LLPs,4,,https://images.typeform.com/images/6geAiPQ4wQiv/image/default-firstframe.png,1,Include,,2026-10-05,Unknown; individual parts are not complete cores
sheet-row-9,9,CFM56-5B,Life Limited Parts,Fan,Fan Shaft,338-010-601-0,R,1,643886,12181,5B_Fan_LLPs,5,,https://images.typeform.com/images/6geAiPQ4wQiv/image/default-firstframe.png,1,Include,,2026-10-05,Unknown; individual parts are not complete cores
sheet-row-10,10,CFM56-5B,Life Limited Parts,Fan,Fan Shaft,338-010-601-0,R,1,779372,6650,5B_Fan_LLPs,6,,https://images.typeform.com/images/6geAiPQ4wQiv/image/default-firstframe.png,1,Include,,2026-10-05,Unknown; individual parts are not complete cores
sheet-row-11,11,CFM56-5B,Airfoils & Other Engine Material,Fan,Bearing #3 Aft Stn Air/Oil Seal,1853M10G04,O,1,,,5B_Fan_Material,1,,https://images.typeform.com/images/XwbB2Uu2ncbi/image/default-firstframe.png,1,Include,,2026-10-05,Unknown; individual parts are not complete cores
sheet-row-12,12,CFM56-5B,Airfoils & Other Engine Material,Fan,Fairing Splitter,338-007-103-0,O,2,,,5B_Fan_Material,2,,https://images.typeform.com/images/XwbB2Uu2ncbi/image/default-firstframe.png,2,Include,,2026-10-05,Unknown; individual parts are not complete cores
sheet-row-13,13,CFM56-5B,Airfoils & Other Engine Material,Fan,Fan Blade Spacer,338-006-102-0,O,224,,,5B_Fan_Material,3,,https://images.typeform.com/images/XwbB2Uu2ncbi/image/default-firstframe.png,224,Include,,2026-10-05,Unknown; individual parts are not complete cores
sheet-row-14,14,CFM56-5B,Airfoils & Other Engine Material,Fan,"Fan Blade, Stg 1",338-002-114-0,O,139,,,5B_Fan_Material,4,,https://images.typeform.com/images/XwbB2Uu2ncbi/image/default-firstframe.png,139,Include,,2026-10-05,Unknown; individual parts are not complete cores
sheet-row-15,15,CFM56-5B,Airfoils & Other Engine Material,Fan,"Fan Booster Blade, Stg 2",338-002-218-0,O,53,,,5B_Fan_Material,5,,https://images.typeform.com/images/XwbB2Uu2ncbi/image/default-firstframe.png,53,Include,,2026-10-05,Unknown; individual parts are not complete cores
sheet-row-16,16,CFM56-5B,Airfoils & Other Engine Material,Fan,"Fan Booster Blade, Stg 2",338-002-220-0,O,2,,,5B_Fan_Material,6,,https://images.typeform.com/images/XwbB2Uu2ncbi/image/default-firstframe.png,2,Include,,2026-10-05,Unknown; individual parts are not complete cores
sheet-row-17,17,CFM56-5B,Airfoils & Other Engine Material,Fan,"Fan Booster Blade, Stg 3",338-002-318-0,O,15,,,5B_Fan_Material,7,,https://images.typeform.com/images/XwbB2Uu2ncbi/image/default-firstframe.png,15,Include,,2026-10-05,Unknown; individual parts are not complete cores
sheet-row-18,18,CFM56-5B,Airfoils & Other Engine Material,Fan,"Fan Booster Blade, Stg 3",338-002-319-0,O,14,,,5B_Fan_Material,8,,https://images.typeform.com/images/XwbB2Uu2ncbi/image/default-firstframe.png,14,Include,,2026-10-05,Unknown; individual parts are not complete cores
sheet-row-19,19,CFM56-5B,Airfoils & Other Engine Material,Fan,"Fan Booster Blade, Stg 4",338-002-418-0,O,98,,,5B_Fan_Material,9,,https://images.typeform.com/images/XwbB2Uu2ncbi/image/default-firstframe.png,98,Include,,2026-10-05,Unknown; individual parts are not complete cores
sheet-row-20,20,CFM56-5B,Airfoils & Other Engine Material,Fan,"Fan Booster Blade, Stg 4",338-002-419-0,O,97,,,5B_Fan_Material,10,,https://images.typeform.com/images/XwbB2Uu2ncbi/image/default-firstframe.png,97,Include,,2026-10-05,Unknown; individual parts are not complete cores
sheet-row-21,21,CFM56-5B,Airfoils & Other Engine Material,Fan,"Fan Booster Blade, Stg 4",338-002-420-0,O,5,,,5B_Fan_Material,11,,https://images.typeform.com/images/XwbB2Uu2ncbi/image/default-firstframe.png,5,Include,,2026-10-05,Unknown; individual parts are not complete cores
sheet-row-22,22,CFM56-5B,Airfoils & Other Engine Material,Fan,"Fan Booster Blade, Stg 4",338-002-421-0,O,5,,,5B_Fan_Material,12,,https://images.typeform.com/images/XwbB2Uu2ncbi/image/default-firstframe.png,5,Include,,2026-10-05,Unknown; individual parts are not complete cores
sheet-row-23,23,CFM56-5B,Airfoils & Other Engine Material,Fan,"Fan Booster Blade, Stg 5",338-002-542-0,O,120,,,5B_Fan_Material,13,,https://images.typeform.com/images/XwbB2Uu2ncbi/image/default-firstframe.png,120,Include,,2026-10-05,Unknown; individual parts are not complete cores
sheet-row-24,24,CFM56-5B,Airfoils & Other Engine Material,Fan,"Fan Booster Blade, Stg 5",338-002-543-0,O,57,,,5B_Fan_Material,14,,https://images.typeform.com/images/XwbB2Uu2ncbi/image/default-firstframe.png,57,Include,,2026-10-05,Unknown; individual parts are not complete cores
sheet-row-25,25,CFM56-5B,Airfoils & Other Engine Material,Fan,"Fan Booster Blade, Stg 5",338-002-544-0,O,4,,,5B_Fan_Material,15,,https://images.typeform.com/images/XwbB2Uu2ncbi/image/default-firstframe.png,4,Include,,2026-10-05,Unknown; individual parts are not complete cores
sheet-row-26,26,CFM56-5B,Airfoils & Other Engine Material,Fan,"Fan Booster Blade, Stg 5",338-002-545-0,O,6,,,5B_Fan_Material,16,,https://images.typeform.com/images/XwbB2Uu2ncbi/image/default-firstframe.png,6,Include,,2026-10-05,Unknown; individual parts are not complete cores
sheet-row-27,27,CFM56-5B,Airfoils & Other Engine Material,Fan,Fan Case Assy Upstream,338-075-332-6,O,1,,,5B_Fan_Material,17,,https://images.typeform.com/images/XwbB2Uu2ncbi/image/default-firstframe.png,1,Include,,2026-10-05,Unknown; individual parts are not complete cores
sheet-row-28,28,CFM56-5B,Airfoils & Other Engine Material,Fan,Fan Case Assy Upstream,338-075-336-0,O,5,,,5B_Fan_Material,18,,https://images.typeform.com/images/XwbB2Uu2ncbi/image/default-firstframe.png,5,Include,,2026-10-05,Unknown; individual parts are not complete cores
sheet-row-29,29,CFM56-5B,Airfoils & Other Engine Material,Fan,Fan Frame Weldment,338-077-913-0,O,1,,,5B_Fan_Material,19,,https://images.typeform.com/images/XwbB2Uu2ncbi/image/default-firstframe.png,1,Include,,2026-10-05,Unknown; individual parts are not complete cores
sheet-row-30,30,CFM56-5B,Airfoils & Other Engine Material,Fan,Outlet Guide Doublet Vane,338-067-007-0,O,39,,,5B_Fan_Material,20,,https://images.typeform.com/images/XwbB2Uu2ncbi/image/default-firstframe.png,39,Include,,2026-10-05,Unknown; individual parts are not complete cores
sheet-row-31,31,CFM56-5B,Airfoils & Other Engine Material,Fan,Outlet Guide Doublet Vane,338-067-014-0,O,104,,,5B_Fan_Material,21,,https://images.typeform.com/images/XwbB2Uu2ncbi/image/default-firstframe.png,104,Include,,2026-10-05,Unknown; individual parts are not complete cores
sheet-row-32,32,CFM56-5B,Airfoils & Other Engine Material,Fan,"Spinner Cone, Front",338-001-204-0,O,10,,,5B_Fan_Material,22,,https://images.typeform.com/images/XwbB2Uu2ncbi/image/default-firstframe.png,10,Include,,2026-10-05,Unknown; individual parts are not complete cores
sheet-row-33,33,CFM56-5B,Airfoils & Other Engine Material,Fan,Stg 1 Booster Vane Assy,338-003-106-0,O,2,,,5B_Fan_Material,23,,https://images.typeform.com/images/XwbB2Uu2ncbi/image/default-firstframe.png,2,Include,,2026-10-05,Unknown; individual parts are not complete cores
sheet-row-34,34,CFM56-5B,Airfoils & Other Engine Material,Fan,Stg 2 Booster Vane Assy,338-003-205-0,O,2,,,5B_Fan_Material,24,,https://images.typeform.com/images/XwbB2Uu2ncbi/image/default-firstframe.png,2,Include,,2026-10-05,Unknown; individual parts are not complete cores
sheet-row-35,35,CFM56-5B,Airfoils & Other Engine Material,Fan,Stg 2 Booster Vane Assy,338-003-215-0,O,2,,,5B_Fan_Material,25,,https://images.typeform.com/images/XwbB2Uu2ncbi/image/default-firstframe.png,2,Include,,2026-10-05,Unknown; individual parts are not complete cores
sheet-row-36,36,CFM56-5B,Airfoils & Other Engine Material,Fan,Stg 3 Booster Vane Assy,338-003-306-0,O,3,,,5B_Fan_Material,26,,https://images.typeform.com/images/XwbB2Uu2ncbi/image/default-firstframe.png,3,Include,,2026-10-05,Unknown; individual parts are not complete cores
sheet-row-37,37,CFM56-5B,Airfoils & Other Engine Material,Fan,Stg 4 Booster Vane Assy,338-003-404-0,O,2,,,5B_Fan_Material,27,,https://images.typeform.com/images/XwbB2Uu2ncbi/image/default-firstframe.png,2,Include,,2026-10-05,Unknown; individual parts are not complete cores
sheet-row-38,38,CFM56-5B,Airfoils & Other Engine Material,Fan,Stg 4 Booster Vane Assy,338-003-414-0,O,1,,,5B_Fan_Material,28,,https://images.typeform.com/images/XwbB2Uu2ncbi/image/default-firstframe.png,1,Include,,2026-10-05,Unknown; individual parts are not complete cores
sheet-row-39,39,CFM56-5B,Life Limited Parts,LPT,LPT Stage 3 Disk,336-002-006-0,O,1,575744,15000,5B_LPT_LLPs,1,,https://images.typeform.com/images/6GXyvyr6LhjY/image/default-firstframe.png,1,Include,,2026-10-05,Unknown; individual parts are not complete cores
sheet-row-40,40,CFM56-5B,Life Limited Parts,LPT,LPT Shaft,338-010-005-0,R,1,575765,19333,5B_LPT_LLPs,2,,https://images.typeform.com/images/6GXyvyr6LhjY/image/default-firstframe.png,1,Include,,2026-10-05,Unknown; individual parts are not complete cores
sheet-row-41,41,CFM56-5B,Life Limited Parts,LPT,LPT Stage 1 Disk,336-001-804-0,R,1,575765,19333,5B_LPT_LLPs,3,,https://images.typeform.com/images/6GXyvyr6LhjY/image/default-firstframe.png,1,Include,,2026-10-05,Unknown; individual parts are not complete cores
sheet-row-42,42,CFM56-5B,Life Limited Parts,LPT,LPT Stage 2 Disk,336-001-909-0,R,1,575765,19333,5B_LPT_LLPs,4,,https://images.typeform.com/images/6GXyvyr6LhjY/image/default-firstframe.png,1,Include,,2026-10-05,Unknown; individual parts are not complete cores
sheet-row-43,43,CFM56-5B,Life Limited Parts,LPT,LPT Stage 3 Disk,336-002-006-0,R,1,575765,19333,5B_LPT_LLPs,5,,https://images.typeform.com/images/6GXyvyr6LhjY/image/default-firstframe.png,1,Include,,2026-10-05,Unknown; individual parts are not complete cores
sheet-row-44,44,CFM56-5B,Life Limited Parts,LPT,LPT Stage 4 Disk,336-002-105-0,R,1,575765,19333,5B_LPT_LLPs,6,,https://images.typeform.com/images/6GXyvyr6LhjY/image/default-firstframe.png,1,Include,,2026-10-05,Unknown; individual parts are not complete cores
sheet-row-45,45,CFM56-5B,Life Limited Parts,LPT,LPT Stage 1 Disk,336-001-804-0,O,1,697911,5953,5B_LPT_LLPs,7,,https://images.typeform.com/images/6GXyvyr6LhjY/image/default-firstframe.png,1,Include,,2026-10-05,Unknown; individual parts are not complete cores
sheet-row-46,46,CFM56-5B,Life Limited Parts,LPT,LPT Shaft,338-010-005-0,R,1,699892,5239,5B_LPT_LLPs,8,,https://images.typeform.com/images/6GXyvyr6LhjY/image/default-firstframe.png,1,Include,,2026-10-05,Unknown; individual parts are not complete cores
sheet-row-47,47,CFM56-5B,Life Limited Parts,LPT,LPT Stage 1 Disk,336-001-804-0,O,1,699892,5239,5B_LPT_LLPs,9,,https://images.typeform.com/images/6GXyvyr6LhjY/image/default-firstframe.png,1,Include,,2026-10-05,Unknown; individual parts are not complete cores
sheet-row-48,48,CFM56-5B,Life Limited Parts,LPT,LPT Stage 2 Disk,336-001-909-0,R,1,699892,5239,5B_LPT_LLPs,10,,https://images.typeform.com/images/6GXyvyr6LhjY/image/default-firstframe.png,1,Include,,2026-10-05,Unknown; individual parts are not complete cores
sheet-row-49,49,CFM56-5B,Life Limited Parts,LPT,LPT Stage 3 Disk,336-002-006-0,O,1,699892,5239,5B_LPT_LLPs,11,,https://images.typeform.com/images/6GXyvyr6LhjY/image/default-firstframe.png,1,Include,,2026-10-05,Unknown; individual parts are not complete cores
sheet-row-50,50,CFM56-5B,Life Limited Parts,LPT,LPT Stage 4 Disk,336-002-105-0,O,1,699892,5239,5B_LPT_LLPs,12,,https://images.typeform.com/images/6GXyvyr6LhjY/image/default-firstframe.png,1,Include,,2026-10-05,Unknown; individual parts are not complete cores
sheet-row-51,51,CFM56-5B,Life Limited Parts,LPT,LPT Rotor Support,338-077-502-0,R,1,779198,6782,5B_LPT_LLPs,13,,https://images.typeform.com/images/6GXyvyr6LhjY/image/default-firstframe.png,1,Include,,2026-10-05,Unknown; individual parts are not complete cores
sheet-row-52,52,CFM56-5B,Life Limited Parts,LPT,LPT Shaft,338-010-003-0,R,1,779198,6782,5B_LPT_LLPs,14,,https://images.typeform.com/images/6GXyvyr6LhjY/image/default-firstframe.png,1,Include,,2026-10-05,Unknown; individual parts are not complete cores
sheet-row-53,53,CFM56-5B,Life Limited Parts,LPT,LPT Stage 1 Disk,336-001-804-0,R,1,779372,7061,5B_LPT_LLPs,15,,https://images.typeform.com/images/6GXyvyr6LhjY/image/default-firstframe.png,1,Include,,2026-10-05,Unknown; individual parts are not complete cores
sheet-row-54,54,CFM56-5B,Life Limited Parts,LPT,LPT Rotor Support,338-077-502-0,R,1,779445,16978,5B_LPT_LLPs,16,,https://images.typeform.com/images/6GXyvyr6LhjY/image/default-firstframe.png,1,Include,,2026-10-05,Unknown; individual parts are not complete cores
sheet-row-55,55,CFM56-5B,Life Limited Parts,LPT,LPT Stage 2 Disk,336-001-909-0,R,1,779445,16978,5B_LPT_LLPs,17,,https://images.typeform.com/images/6GXyvyr6LhjY/image/default-firstframe.png,1,Include,,2026-10-05,Unknown; individual parts are not complete cores
sheet-row-56,56,CFM56-5B,Life Limited Parts,LPT,LPT Stage 3 Disk,336-002-006-0,R,1,779445,16978,5B_LPT_LLPs,18,,https://images.typeform.com/images/6GXyvyr6LhjY/image/default-firstframe.png,1,Include,,2026-10-05,Unknown; individual parts are not complete cores
sheet-row-57,57,CFM56-5B,Airfoils & Other Engine Material,LPT,"LPT Blade, Stg 1",338-108-204-0,O,508,,,5B_LPT_Material,1,Possible same physical stock: 5B_LPT_Material: 508; 7B_LPT_Material: 579. All matching listings excluded from column N; distinct stock not confirmed.,https://images.typeform.com/images/Ub7tYdpbSrhu/image/default-firstframe.png,,Overlap excluded,,2026-10-05,Unknown; individual parts are not complete cores
sheet-row-58,58,CFM56-5B,Airfoils & Other Engine Material,LPT,"LPT Blade, Stg 1",338-115-703-0,O,3,,,5B_LPT_Material,2,,https://images.typeform.com/images/Ub7tYdpbSrhu/image/default-firstframe.png,3,Include,,2026-10-05,Unknown; individual parts are not complete cores
sheet-row-59,59,CFM56-5B,Airfoils & Other Engine Material,LPT,"LPT Blade, Stg 2",338-108-304-0,O,318,,,5B_LPT_Material,3,Possible same physical stock: 5B_LPT_Material: 318; 7B_LPT_Material: 69. All matching listings excluded from column N; distinct stock not confirmed.,https://images.typeform.com/images/Ub7tYdpbSrhu/image/default-firstframe.png,,Overlap excluded,,2026-10-05,Unknown; individual parts are not complete cores
sheet-row-60,60,CFM56-5B,Airfoils & Other Engine Material,LPT,"LPT Blade, Stg 2",338-108-305-0,O,18,,,5B_LPT_Material,4,,https://images.typeform.com/images/Ub7tYdpbSrhu/image/default-firstframe.png,18,Include,,2026-10-05,Unknown; individual parts are not complete cores
sheet-row-61,61,CFM56-5B,Airfoils & Other Engine Material,LPT,"LPT Blade, Stg 2",338-116-303-0,O,4,,,5B_LPT_Material,5,,https://images.typeform.com/images/Ub7tYdpbSrhu/image/default-firstframe.png,4,Include,,2026-10-05,Unknown; individual parts are not complete cores
sheet-row-62,62,CFM56-5B,Airfoils & Other Engine Material,LPT,"LPT Blade, Stg 3",338-108-403-0,O,126,,,5B_LPT_Material,6,,https://images.typeform.com/images/Ub7tYdpbSrhu/image/default-firstframe.png,126,Include,,2026-10-05,Unknown; individual parts are not complete cores
sheet-row-63,63,CFM56-5B,Airfoils & Other Engine Material,LPT,"LPT Blade, Stg 4",338-108-503-0,O,781,,,5B_LPT_Material,7,,https://images.typeform.com/images/Ub7tYdpbSrhu/image/default-firstframe.png,781,Include,,2026-10-05,Unknown; individual parts are not complete cores
sheet-row-64,64,CFM56-5B,Airfoils & Other Engine Material,LPT,"LPT Blade, Stg 4",338-108-504-0,O,262,,,5B_LPT_Material,8,,https://images.typeform.com/images/Ub7tYdpbSrhu/image/default-firstframe.png,262,Include,,2026-10-05,Unknown; individual parts are not complete cores
sheet-row-65,65,CFM56-5B,Airfoils & Other Engine Material,LPT,"LPT Blade, Stg 4",338-116-102-0,O,18,,,5B_LPT_Material,9,,https://images.typeform.com/images/Ub7tYdpbSrhu/image/default-firstframe.png,18,Include,,2026-10-05,Unknown; individual parts are not complete cores
sheet-row-66,66,CFM56-5B,Airfoils & Other Engine Material,LPT,"LPT Nozzle Segment, Stg 2",338-109-109-0,O,18,,,5B_LPT_Material,10,Possible same physical stock: 5B_LPT_Material: 18; 7B_LPT_Material: 9. All matching listings excluded from column N; distinct stock not confirmed.,https://images.typeform.com/images/Ub7tYdpbSrhu/image/default-firstframe.png,,Overlap excluded,,2026-10-05,Unknown; individual parts are not complete cores
sheet-row-67,67,CFM56-5B,Airfoils & Other Engine Material,LPT,"LPT Nozzle Segment, Stg 2",338-109-209-0,O,14,,,5B_LPT_Material,11,Possible same physical stock: 5B_LPT_Material: 14; 7B_LPT_Material: 8. All matching listings excluded from column N; distinct stock not confirmed.,https://images.typeform.com/images/Ub7tYdpbSrhu/image/default-firstframe.png,,Overlap excluded,,2026-10-05,Unknown; individual parts are not complete cores
sheet-row-68,68,CFM56-5B,Airfoils & Other Engine Material,LPT,"LPT Nozzle Segment, Stg 2",338-109-309-0,O,3,,,5B_LPT_Material,12,,https://images.typeform.com/images/Ub7tYdpbSrhu/image/default-firstframe.png,3,Include,,2026-10-05,Unknown; individual parts are not complete cores
sheet-row-69,69,CFM56-5B,Airfoils & Other Engine Material,LPT,"LPT Nozzle Segment, Stg 3",338-109-704-0,O,55,,,5B_LPT_Material,13,Possible same physical stock: 5B_LPT_Material: 55; 7B_LPT_Material: 5. All matching listings excluded from column N; distinct stock not confirmed.,https://images.typeform.com/images/Ub7tYdpbSrhu/image/default-firstframe.png,,Overlap excluded,,2026-10-05,Unknown; individual parts are not complete cores
sheet-row-70,70,CFM56-5B,Airfoils & Other Engine Material,LPT,"LPT Nozzle Segment, Stg 3",338-109-705-0,O,38,,,5B_LPT_Material,14,Possible same physical stock: 5B_LPT_Material: 38; 7B_LPT_Material: 30. All matching listings excluded from column N; distinct stock not confirmed.,https://images.typeform.com/images/Ub7tYdpbSrhu/image/default-firstframe.png,,Overlap excluded,,2026-10-05,Unknown; individual parts are not complete cores
sheet-row-71,71,CFM56-5B,QEC & LRU Material,QEC / LRU,Anti-Ice Valve,327155-3,R,3,,,5B_QEC,1,,https://images.typeform.com/images/YffDaJ8JSEna/image/default-firstframe.png,3,Include,,2026-10-05,Unknown; individual parts are not complete cores
sheet-row-72,72,CFM56-5B,QEC & LRU Material,QEC / LRU,Electronic Control Unit (ECU / ECC),114E9604G1,R,2,,,5B_QEC,2,,https://images.typeform.com/images/YffDaJ8JSEna/image/default-firstframe.png,2,Include,,2026-10-05,Unknown; individual parts are not complete cores
sheet-row-73,73,CFM56-5B,QEC & LRU Material,QEC / LRU,Electronic Control Unit (ECU / ECC),2123M55P01,R,3,,,5B_QEC,3,,https://images.typeform.com/images/YffDaJ8JSEna/image/default-firstframe.png,3,Include,,2026-10-05,Unknown; individual parts are not complete cores
sheet-row-74,74,CFM56-5B,QEC & LRU Material,QEC / LRU,Electronic Control Unit (ECU / ECC),2123M55P03,R,1,,,5B_QEC,4,,https://images.typeform.com/images/YffDaJ8JSEna/image/default-firstframe.png,1,Include,,2026-10-05,Unknown; individual parts are not complete cores
sheet-row-75,75,CFM56-5B,QEC & LRU Material,QEC / LRU,Fuel Nozzle,6.84002E+22,R,28,,,5B_QEC,5,Source shows scientific notation; exact part identifier cannot be recovered from this image.,https://images.typeform.com/images/YffDaJ8JSEna/image/default-firstframe.png,,Identifier unresolved,,2026-10-05,Unknown; individual parts are not complete cores
sheet-row-76,76,CFM56-5B,QEC & LRU Material,QEC / LRU,Fuel Nozzle,6.84002E+24,R,32,,,5B_QEC,6,Source shows scientific notation; exact part identifier cannot be recovered from this image.,https://images.typeform.com/images/YffDaJ8JSEna/image/default-firstframe.png,,Identifier unresolved,,2026-10-05,Unknown; individual parts are not complete cores
sheet-row-77,77,CFM56-5B,QEC & LRU Material,QEC / LRU,Fuel Nozzle,1317M47G01,O,47,,,5B_QEC,7,,https://images.typeform.com/images/YffDaJ8JSEna/image/default-firstframe.png,47,Include,,2026-10-05,Unknown; individual parts are not complete cores
sheet-row-78,78,CFM56-5B,QEC & LRU Material,QEC / LRU,Fuel Nozzle,1317M47G01,R,18,,,5B_QEC,8,,https://images.typeform.com/images/YffDaJ8JSEna/image/default-firstframe.png,18,Include,,2026-10-05,Unknown; individual parts are not complete cores
sheet-row-79,79,CFM56-5B,QEC & LRU Material,QEC / LRU,Fuel Nozzle,1317M47G18,R,1,,,5B_QEC,9,,https://images.typeform.com/images/YffDaJ8JSEna/image/default-firstframe.png,1,Include,,2026-10-05,Unknown; individual parts are not complete cores
sheet-row-80,80,CFM56-5B,QEC & LRU Material,QEC / LRU,Fuel Nozzle,508P270-43,R,1,,,5B_QEC,10,,https://images.typeform.com/images/YffDaJ8JSEna/image/default-firstframe.png,1,Include,,2026-10-05,Unknown; individual parts are not complete cores
sheet-row-81,81,CFM56-5B,QEC & LRU Material,QEC / LRU,Fuel Nozzle,6840023M1,O,32,,,5B_QEC,11,,https://images.typeform.com/images/YffDaJ8JSEna/image/default-firstframe.png,32,Include,,2026-10-05,Unknown; individual parts are not complete cores
sheet-row-82,82,CFM56-5B,QEC & LRU Material,QEC / LRU,Fuel Nozzle,6840023M1,R,48,,,5B_QEC,12,,https://images.typeform.com/images/YffDaJ8JSEna/image/default-firstframe.png,48,Include,,2026-10-05,Unknown; individual parts are not complete cores
sheet-row-83,83,CFM56-5B,QEC & LRU Material,QEC / LRU,Fuel Nozzle,1317M47G16,R,0,,,5B_QEC,13,Source lists zero available.,https://images.typeform.com/images/YffDaJ8JSEna/image/default-firstframe.png,0,Include,,2026-10-05,Unknown; individual parts are not complete cores
sheet-row-84,84,CFM56-5B,QEC & LRU Material,QEC / LRU,Fuel Pump,724400-2,O,1,,,5B_QEC,14,,https://images.typeform.com/images/YffDaJ8JSEna/image/default-firstframe.png,1,Include,,2026-10-05,Unknown; individual parts are not complete cores
sheet-row-85,85,CFM56-5B,QEC & LRU Material,QEC / LRU,Fuel Pump,724400-2,R,4,,,5B_QEC,15,,https://images.typeform.com/images/YffDaJ8JSEna/image/default-firstframe.png,4,Include,,2026-10-05,Unknown; individual parts are not complete cores
sheet-row-86,86,CFM56-5B,QEC & LRU Material,QEC / LRU,Fuel Pump,301-797-402-0,R,1,,,5B_QEC,16,,https://images.typeform.com/images/YffDaJ8JSEna/image/default-firstframe.png,1,Include,,2026-10-05,Unknown; individual parts are not complete cores
sheet-row-87,87,CFM56-5B,QEC & LRU Material,QEC / LRU,Fwd Engine Mount Assy,238-0202-502,R,1,,,5B_QEC,17,,https://images.typeform.com/images/YffDaJ8JSEna/image/default-firstframe.png,1,Include,,2026-10-05,Unknown; individual parts are not complete cores
sheet-row-88,88,CFM56-5B,QEC & LRU Material,QEC / LRU,Fwd Engine Mount Assy,238-0207-509,O,1,,,5B_QEC,18,,https://images.typeform.com/images/YffDaJ8JSEna/image/default-firstframe.png,1,Include,,2026-10-05,Unknown; individual parts are not complete cores
sheet-row-89,89,CFM56-5B,QEC & LRU Material,QEC / LRU,Fwd Engine Mount Assy,238-0207-509,S,1,,,5B_QEC,19,,https://images.typeform.com/images/YffDaJ8JSEna/image/default-firstframe.png,1,Include,,2026-10-05,Unknown; individual parts are not complete cores
sheet-row-90,90,CFM56-5B,QEC & LRU Material,QEC / LRU,Fwd Engine Mount Assy,642-2000-13,R,1,,,5B_QEC,20,,https://images.typeform.com/images/YffDaJ8JSEna/image/default-firstframe.png,1,Include,,2026-10-05,Unknown; individual parts are not complete cores
sheet-row-91,91,CFM56-5B,QEC & LRU Material,QEC / LRU,Fwd Engine Mount Assy,642M2000-503,R,1,,,5B_QEC,21,,https://images.typeform.com/images/YffDaJ8JSEna/image/default-firstframe.png,1,Include,,2026-10-05,Unknown; individual parts are not complete cores
sheet-row-92,92,CFM56-5B,QEC & LRU Material,QEC / LRU,High Pressure Clearance Valve,329695-3,R,1,,,5B_QEC,22,,https://images.typeform.com/images/YffDaJ8JSEna/image/default-firstframe.png,1,Include,,2026-10-05,Unknown; individual parts are not complete cores
sheet-row-93,93,CFM56-5B,QEC & LRU Material,QEC / LRU,High Pressure Clearance Valve,329695-6,R,1,,,5B_QEC,23,,https://images.typeform.com/images/YffDaJ8JSEna/image/default-firstframe.png,1,Include,,2026-10-05,Unknown; individual parts are not complete cores
sheet-row-94,94,CFM56-5B,QEC & LRU Material,QEC / LRU,High Pressure Clearance Valve,329695-4,R,1,,,5B_QEC,24,,https://images.typeform.com/images/YffDaJ8JSEna/image/default-firstframe.png,1,Include,,2026-10-05,Unknown; individual parts are not complete cores
sheet-row-95,95,CFM56-5B,QEC & LRU Material,QEC / LRU,Hydro mechanical Unit (HMU),8061-532,R,3,,,5B_QEC,25,,https://images.typeform.com/images/YffDaJ8JSEna/image/default-firstframe.png,3,Include,,2026-10-05,Unknown; individual parts are not complete cores
sheet-row-96,96,CFM56-5B,QEC & LRU Material,QEC / LRU,Hydro mechanical Unit (HMU),8061-536,R,2,,,5B_QEC,26,,https://images.typeform.com/images/YffDaJ8JSEna/image/default-firstframe.png,2,Include,,2026-10-05,Unknown; individual parts are not complete cores
sheet-row-97,97,CFM56-5B,QEC & LRU Material,QEC / LRU,Integrated Drive Generator (IDG),740119G,R,1,,,5B_QEC,27,,https://images.typeform.com/images/YffDaJ8JSEna/image/default-firstframe.png,1,Include,,2026-10-05,Unknown; individual parts are not complete cores
sheet-row-98,98,CFM56-5B,QEC & LRU Material,QEC / LRU,Integrated Drive Generator (IDG),740119H,O,1,,,5B_QEC,28,,https://images.typeform.com/images/YffDaJ8JSEna/image/default-firstframe.png,1,Include,,2026-10-05,Unknown; individual parts are not complete cores
sheet-row-99,99,CFM56-5B,QEC & LRU Material,QEC / LRU,Integrated Drive Generator (IDG),740119H,R,3,,,5B_QEC,29,,https://images.typeform.com/images/YffDaJ8JSEna/image/default-firstframe.png,3,Include,,2026-10-05,Unknown; individual parts are not complete cores
sheet-row-100,100,CFM56-5B,QEC & LRU Material,QEC / LRU,Integrated Drive Generator (IDG),1706903,R,1,,,5B_QEC,30,,https://images.typeform.com/images/YffDaJ8JSEna/image/default-firstframe.png,1,Include,,2026-10-05,Unknown; individual parts are not complete cores
sheet-row-101,101,CFM56-5B,QEC & LRU Material,QEC / LRU,LPT ACC Valve,C25175000-1,R,1,,,5B_QEC,31,,https://images.typeform.com/images/YffDaJ8JSEna/image/default-firstframe.png,1,Include,,2026-10-05,Unknown; individual parts are not complete cores
sheet-row-102,102,CFM56-5B,QEC & LRU Material,QEC / LRU,LPT ACC Valve,C25175000-3,R,1,,,5B_QEC,32,,https://images.typeform.com/images/YffDaJ8JSEna/image/default-firstframe.png,1,Include,,2026-10-05,Unknown; individual parts are not complete cores
sheet-row-103,103,CFM56-5B,QEC & LRU Material,QEC / LRU,LPT ACC Valve,C25175000-2,R,1,,,5B_QEC,33,,https://images.typeform.com/images/YffDaJ8JSEna/image/default-firstframe.png,1,Include,,2026-10-05,Unknown; individual parts are not complete cores
sheet-row-104,104,CFM56-5B,QEC & LRU Material,QEC / LRU,Starter,3290064-10,O,1,,,5B_QEC,34,,https://images.typeform.com/images/YffDaJ8JSEna/image/default-firstframe.png,1,Include,,2026-10-05,Unknown; individual parts are not complete cores
sheet-row-105,105,CFM56-5B,QEC & LRU Material,QEC / LRU,Starter,3290064-10,R,1,,,5B_QEC,35,,https://images.typeform.com/images/YffDaJ8JSEna/image/default-firstframe.png,1,Include,,2026-10-05,Unknown; individual parts are not complete cores
sheet-row-106,106,CFM56-5B,QEC & LRU Material,QEC / LRU,Starter,3290064-10,S,1,,,5B_QEC,36,,https://images.typeform.com/images/YffDaJ8JSEna/image/default-firstframe.png,1,Include,,2026-10-05,Unknown; individual parts are not complete cores
sheet-row-107,107,CFM56-5B,QEC & LRU Material,QEC / LRU,Starter,3505582-27,R,1,,,5B_QEC,37,,https://images.typeform.com/images/YffDaJ8JSEna/image/default-firstframe.png,1,Include,,2026-10-05,Unknown; individual parts are not complete cores
sheet-row-108,108,CFM56-5B,QEC & LRU Material,QEC / LRU,Starter,3505582-28,S,1,,,5B_QEC,38,,https://images.typeform.com/images/YffDaJ8JSEna/image/default-firstframe.png,1,Include,,2026-10-05,Unknown; individual parts are not complete cores
sheet-row-109,109,CFM56-5B,QEC & LRU Material,QEC / LRU,Starter,3505582-65,R,3,,,5B_QEC,39,,https://images.typeform.com/images/YffDaJ8JSEna/image/default-firstframe.png,3,Include,,2026-10-05,Unknown; individual parts are not complete cores
sheet-row-110,110,CFM56-7B,Life Limited Parts,Fan,Booster Spool,340-000-826-0,O,1,804467,4803,7B_Fan_LLPs,1,,https://images.typeform.com/images/8jTUGfKa6upN/image/default-firstframe.png,1,Include,,2026-10-05,Unknown; individual parts are not complete cores
sheet-row-111,111,CFM56-7B,Life Limited Parts,Fan,Fan Disk,340-000-420-0,R,1,804467,11903,7B_Fan_LLPs,2,,https://images.typeform.com/images/8jTUGfKa6upN/image/default-firstframe.png,1,Include,,2026-10-05,Unknown; individual parts are not complete cores
sheet-row-112,112,CFM56-7B,Life Limited Parts,Fan,Fan Shaft,335-006-414-0,R,1,804467,11903,7B_Fan_LLPs,3,,https://images.typeform.com/images/8jTUGfKa6upN/image/default-firstframe.png,1,Include,,2026-10-05,Unknown; individual parts are not complete cores
sheet-row-113,113,CFM56-7B,Life Limited Parts,Fan,Booster Spool,340-000-826-0,O,1,804468,5119,7B_Fan_LLPs,4,,https://images.typeform.com/images/8jTUGfKa6upN/image/default-firstframe.png,1,Include,,2026-10-05,Unknown; individual parts are not complete cores
sheet-row-114,114,CFM56-7B,Life Limited Parts,Fan,Fan Shaft,335-006-414-0,O,1,804468,12219,7B_Fan_LLPs,5,,https://images.typeform.com/images/8jTUGfKa6upN/image/default-firstframe.png,1,Include,,2026-10-05,Unknown; individual parts are not complete cores
sheet-row-115,115,CFM56-7B,Life Limited Parts,Fan,Booster Spool,340-000-824-0,R,1,874493,5703,7B_Fan_LLPs,6,,https://images.typeform.com/images/8jTUGfKa6upN/image/default-firstframe.png,1,Include,,2026-10-05,Unknown; individual parts are not complete cores
sheet-row-116,116,CFM56-7B,Life Limited Parts,Fan,Fan Disk,340-000-420-0,R,1,888461,17502,7B_Fan_LLPs,7,,https://images.typeform.com/images/8jTUGfKa6upN/image/default-firstframe.png,1,Include,,2026-10-05,Unknown; individual parts are not complete cores
sheet-row-117,117,CFM56-7B,Life Limited Parts,Fan,Fan Shaft,335-006-414-0,O,1,888724,11859,7B_Fan_LLPs,8,,https://images.typeform.com/images/8jTUGfKa6upN/image/default-firstframe.png,1,Include,,2026-10-05,Unknown; individual parts are not complete cores
sheet-row-118,118,CFM56-7B,Life Limited Parts,Fan,Fan Shaft,335-006-414-0,O,1,889525,6975,7B_Fan_LLPs,9,,https://images.typeform.com/images/8jTUGfKa6upN/image/default-firstframe.png,1,Include,,2026-10-05,Unknown; individual parts are not complete cores
sheet-row-119,119,CFM56-7B,Airfoils & Other Engine Material,Fan,Bearing #3 Aft Stn Air/Oil Seal,1853M10G03,O,2,,,7B_Fan_Material,1,,https://images.typeform.com/images/j8k66RDzgyJa/image/default-firstframe.png,2,Include,,2026-10-05,Unknown; individual parts are not complete cores
sheet-row-120,120,CFM56-7B,Airfoils & Other Engine Material,Fan,Fan Blade Platform,340-001-816-0,O,18,,,7B_Fan_Material,2,,https://images.typeform.com/images/j8k66RDzgyJa/image/default-firstframe.png,18,Include,,2026-10-05,Unknown; individual parts are not complete cores
sheet-row-121,121,CFM56-7B,Airfoils & Other Engine Material,Fan,Fan Blade Shim,301-298-812-0,O,1,,,7B_Fan_Material,3,,https://images.typeform.com/images/j8k66RDzgyJa/image/default-firstframe.png,1,Include,,2026-10-05,Unknown; individual parts are not complete cores
sheet-row-122,122,CFM56-7B,Airfoils & Other Engine Material,Fan,Fan Blade Shim,340-252-307-0,O,17,,,7B_Fan_Material,4,,https://images.typeform.com/images/j8k66RDzgyJa/image/default-firstframe.png,17,Include,,2026-10-05,Unknown; individual parts are not complete cores
sheet-row-123,123,CFM56-7B,Airfoils & Other Engine Material,Fan,Fan Blade Spacer,340-001-262-0,O,11,,,7B_Fan_Material,5,,https://images.typeform.com/images/j8k66RDzgyJa/image/default-firstframe.png,11,Include,,2026-10-05,Unknown; individual parts are not complete cores
sheet-row-124,124,CFM56-7B,Airfoils & Other Engine Material,Fan,"Fan Booster Blade, Stg 2",340-057-201-0,O,159,,,7B_Fan_Material,6,,https://images.typeform.com/images/j8k66RDzgyJa/image/default-firstframe.png,159,Include,,2026-10-05,Unknown; individual parts are not complete cores
sheet-row-125,125,CFM56-7B,Airfoils & Other Engine Material,Fan,"Fan Booster Blade, Stg 2",340-057-202-0,O,120,,,7B_Fan_Material,7,,https://images.typeform.com/images/j8k66RDzgyJa/image/default-firstframe.png,120,Include,,2026-10-05,Unknown; individual parts are not complete cores
sheet-row-126,126,CFM56-7B,Airfoils & Other Engine Material,Fan,"Fan Booster Blade, Stg 2",340-057-203-0,O,6,,,7B_Fan_Material,8,,https://images.typeform.com/images/j8k66RDzgyJa/image/default-firstframe.png,6,Include,,2026-10-05,Unknown; individual parts are not complete cores
sheet-row-127,127,CFM56-7B,Airfoils & Other Engine Material,Fan,"Fan Booster Blade, Stg 2",340-057-204-0,O,8,,,7B_Fan_Material,9,,https://images.typeform.com/images/j8k66RDzgyJa/image/default-firstframe.png,8,Include,,2026-10-05,Unknown; individual parts are not complete cores
sheet-row-128,128,CFM56-7B,Airfoils & Other Engine Material,Fan,"Fan Booster Blade, Stg 3",340-057-301-0,O,105,,,7B_Fan_Material,10,,https://images.typeform.com/images/j8k66RDzgyJa/image/default-firstframe.png,105,Include,,2026-10-05,Unknown; individual parts are not complete cores
sheet-row-129,129,CFM56-7B,Airfoils & Other Engine Material,Fan,"Fan Booster Blade, Stg 3",340-057-302-0,O,116,,,7B_Fan_Material,11,,https://images.typeform.com/images/j8k66RDzgyJa/image/default-firstframe.png,116,Include,,2026-10-05,Unknown; individual parts are not complete cores
sheet-row-130,130,CFM56-7B,Airfoils & Other Engine Material,Fan,"Fan Booster Blade, Stg 3",340-057-304-0,O,6,,,7B_Fan_Material,12,,https://images.typeform.com/images/j8k66RDzgyJa/image/default-firstframe.png,6,Include,,2026-10-05,Unknown; individual parts are not complete cores
sheet-row-131,131,CFM56-7B,Airfoils & Other Engine Material,Fan,"Fan Booster Blade, Stg 4",340-057-401-0,O,109,,,7B_Fan_Material,13,,https://images.typeform.com/images/j8k66RDzgyJa/image/default-firstframe.png,109,Include,,2026-10-05,Unknown; individual parts are not complete cores
sheet-row-132,132,CFM56-7B,Airfoils & Other Engine Material,Fan,"Fan Booster Blade, Stg 4",340-057-402-0,O,127,,,7B_Fan_Material,14,,https://images.typeform.com/images/j8k66RDzgyJa/image/default-firstframe.png,127,Include,,2026-10-05,Unknown; individual parts are not complete cores
sheet-row-133,133,CFM56-7B,Airfoils & Other Engine Material,Fan,"Fan Booster Blade, Stg 4",340-057-403-0,O,6,,,7B_Fan_Material,15,,https://images.typeform.com/images/j8k66RDzgyJa/image/default-firstframe.png,6,Include,,2026-10-05,Unknown; individual parts are not complete cores
sheet-row-134,134,CFM56-7B,Airfoils & Other Engine Material,Fan,"Fan Booster Blade, Stg 4",340-057-404-0,O,6,,,7B_Fan_Material,16,,https://images.typeform.com/images/j8k66RDzgyJa/image/default-firstframe.png,6,Include,,2026-10-05,Unknown; individual parts are not complete cores
sheet-row-135,135,CFM56-7B,Airfoils & Other Engine Material,Fan,Fan Fairing,340-002-602-0,O,3,,,7B_Fan_Material,17,,https://images.typeform.com/images/j8k66RDzgyJa/image/default-firstframe.png,3,Include,,2026-10-05,Unknown; individual parts are not complete cores
sheet-row-136,136,CFM56-7B,Airfoils & Other Engine Material,Fan,Fan Frame Shroud,340-059-942-0,O,1,,,7B_Fan_Material,18,,https://images.typeform.com/images/j8k66RDzgyJa/image/default-firstframe.png,1,Include,,2026-10-05,Unknown; individual parts are not complete cores
sheet-row-137,137,CFM56-7B,Airfoils & Other Engine Material,Fan,Outlet Guide Doublet Vane,340-002-305-0,O,1,,,7B_Fan_Material,19,,https://images.typeform.com/images/j8k66RDzgyJa/image/default-firstframe.png,1,Include,,2026-10-05,Unknown; individual parts are not complete cores
sheet-row-138,138,CFM56-7B,Airfoils & Other Engine Material,Fan,"Spinner Cone, Front",337-005-118-0,O,3,,,7B_Fan_Material,20,,https://images.typeform.com/images/j8k66RDzgyJa/image/default-firstframe.png,3,Include,,2026-10-05,Unknown; individual parts are not complete cores
sheet-row-139,139,CFM56-7B,Airfoils & Other Engine Material,Fan,"Spinner Cone, Rear",340-000-205-0,O,2,,,7B_Fan_Material,21,,https://images.typeform.com/images/j8k66RDzgyJa/image/default-firstframe.png,2,Include,,2026-10-05,Unknown; individual parts are not complete cores
sheet-row-140,140,CFM56-7B,Airfoils & Other Engine Material,LPT,"LPT Blade, Stg 1",338-108-204-0,O,579,,,7B_LPT_Material,1,Possible same physical stock: 5B_LPT_Material: 508; 7B_LPT_Material: 579. All matching listings excluded from column N; distinct stock not confirmed.,https://images.typeform.com/images/q36xMkF6zzBB/image/default-firstframe.png,,Overlap excluded,,2026-10-05,Unknown; individual parts are not complete cores
sheet-row-141,141,CFM56-7B,Airfoils & Other Engine Material,LPT,"LPT Blade, Stg 2",338-108-304-0,O,69,,,7B_LPT_Material,2,Possible same physical stock: 5B_LPT_Material: 318; 7B_LPT_Material: 69. All matching listings excluded from column N; distinct stock not confirmed.,https://images.typeform.com/images/q36xMkF6zzBB/image/default-firstframe.png,,Overlap excluded,,2026-10-05,Unknown; individual parts are not complete cores
sheet-row-142,142,CFM56-7B,Airfoils & Other Engine Material,LPT,"LPT Nozzle Segment, Stg 2",338-109-108-0,O,8,,,7B_LPT_Material,3,,https://images.typeform.com/images/q36xMkF6zzBB/image/default-firstframe.png,8,Include,,2026-10-05,Unknown; individual parts are not complete cores
sheet-row-143,143,CFM56-7B,Airfoils & Other Engine Material,LPT,"LPT Nozzle Segment, Stg 2",338-109-109-0,O,9,,,7B_LPT_Material,4,Possible same physical stock: 5B_LPT_Material: 18; 7B_LPT_Material: 9. All matching listings excluded from column N; distinct stock not confirmed.,https://images.typeform.com/images/q36xMkF6zzBB/image/default-firstframe.png,,Overlap excluded,,2026-10-05,Unknown; individual parts are not complete cores
sheet-row-144,144,CFM56-7B,Airfoils & Other Engine Material,LPT,"LPT Nozzle Segment, Stg 2",338-109-151-0,O,1,,,7B_LPT_Material,5,,https://images.typeform.com/images/q36xMkF6zzBB/image/default-firstframe.png,1,Include,,2026-10-05,Unknown; individual parts are not complete cores
sheet-row-145,145,CFM56-7B,Airfoils & Other Engine Material,LPT,"LPT Nozzle Segment, Stg 2",338-109-208-0,O,8,,,7B_LPT_Material,6,,https://images.typeform.com/images/q36xMkF6zzBB/image/default-firstframe.png,8,Include,,2026-10-05,Unknown; individual parts are not complete cores
sheet-row-146,146,CFM56-7B,Airfoils & Other Engine Material,LPT,"LPT Nozzle Segment, Stg 2",338-109-209-0,O,8,,,7B_LPT_Material,7,Possible same physical stock: 5B_LPT_Material: 14; 7B_LPT_Material: 8. All matching listings excluded from column N; distinct stock not confirmed.,https://images.typeform.com/images/q36xMkF6zzBB/image/default-firstframe.png,,Overlap excluded,,2026-10-05,Unknown; individual parts are not complete cores
sheet-row-147,147,CFM56-7B,Airfoils & Other Engine Material,LPT,"LPT Nozzle Segment, Stg 2",338-109-308-0,O,2,,,7B_LPT_Material,8,,https://images.typeform.com/images/q36xMkF6zzBB/image/default-firstframe.png,2,Include,,2026-10-05,Unknown; individual parts are not complete cores
sheet-row-148,148,CFM56-7B,Airfoils & Other Engine Material,LPT,"LPT Nozzle Segment, Stg 3",338-109-704-0,O,5,,,7B_LPT_Material,9,Possible same physical stock: 5B_LPT_Material: 55; 7B_LPT_Material: 5. All matching listings excluded from column N; distinct stock not confirmed.,https://images.typeform.com/images/q36xMkF6zzBB/image/default-firstframe.png,,Overlap excluded,,2026-10-05,Unknown; individual parts are not complete cores
sheet-row-149,149,CFM56-7B,Airfoils & Other Engine Material,LPT,"LPT Nozzle Segment, Stg 3",338-109-705-0,O,30,,,7B_LPT_Material,10,Possible same physical stock: 5B_LPT_Material: 38; 7B_LPT_Material: 30. All matching listings excluded from column N; distinct stock not confirmed.,https://images.typeform.com/images/q36xMkF6zzBB/image/default-firstframe.png,,Overlap excluded,,2026-10-05,Unknown; individual parts are not complete cores
sheet-row-150,150,CFM56-7B,Airfoils & Other Engine Material,LPT,"LPT Nozzle Segment, Stg 3",338-109-804-0,O,2,,,7B_LPT_Material,11,,https://images.typeform.com/images/q36xMkF6zzBB/image/default-firstframe.png,2,Include,,2026-10-05,Unknown; individual parts are not complete cores
sheet-row-151,151,CFM56-7B,QEC & LRU Material,QEC / LRU,Anti-Ice Valve,3215618-4,R,1,,,7B_QEC,1,,https://images.typeform.com/images/nXCVdnv9inTx/image/default-firstframe.png,1,Include,,2026-10-05,Unknown; individual parts are not complete cores
sheet-row-152,152,CFM56-7B,QEC & LRU Material,QEC / LRU,Anti-Ice Valve,3215618-5,R,1,,,7B_QEC,2,,https://images.typeform.com/images/nXCVdnv9inTx/image/default-firstframe.png,1,Include,,2026-10-05,Unknown; individual parts are not complete cores
sheet-row-153,153,CFM56-7B,QEC & LRU Material,QEC / LRU,Electronic Control Unit (ECU / ECC),1853M33P06,R,1,,,7B_QEC,3,,https://images.typeform.com/images/nXCVdnv9inTx/image/default-firstframe.png,1,Include,,2026-10-05,Unknown; individual parts are not complete cores
sheet-row-154,154,CFM56-7B,QEC & LRU Material,QEC / LRU,Electronic Control Unit (ECU / ECC),1853M33P06,S,1,,,7B_QEC,4,,https://images.typeform.com/images/nXCVdnv9inTx/image/default-firstframe.png,1,Include,,2026-10-05,Unknown; individual parts are not complete cores
sheet-row-155,155,CFM56-7B,QEC & LRU Material,QEC / LRU,Fuel Pump,828300-5,R,2,,,7B_QEC,5,,https://images.typeform.com/images/nXCVdnv9inTx/image/default-firstframe.png,2,Include,,2026-10-05,Unknown; individual parts are not complete cores
sheet-row-156,156,CFM56-7B,QEC & LRU Material,QEC / LRU,High Pressure Clearance Valve,3291186-6,R,7,,,7B_QEC,6,,https://images.typeform.com/images/nXCVdnv9inTx/image/default-firstframe.png,7,Include,,2026-10-05,Unknown; individual parts are not complete cores
sheet-row-157,157,CFM56-7B,QEC & LRU Material,QEC / LRU,Hydro mechanical Unit (HMU),442355,S,1,,,7B_QEC,7,,https://images.typeform.com/images/nXCVdnv9inTx/image/default-firstframe.png,1,Include,,2026-10-05,Unknown; individual parts are not complete cores
sheet-row-158,158,CFM56-7B,QEC & LRU Material,QEC / LRU,Hydro mechanical Unit (HMU),442369,R,1,,,7B_QEC,8,,https://images.typeform.com/images/nXCVdnv9inTx/image/default-firstframe.png,1,Include,,2026-10-05,Unknown; individual parts are not complete cores
sheet-row-159,159,CFM56-7B,QEC & LRU Material,QEC / LRU,Hydro mechanical Unit (HMU),442369,S,1,,,7B_QEC,9,,https://images.typeform.com/images/nXCVdnv9inTx/image/default-firstframe.png,1,Include,,2026-10-05,Unknown; individual parts are not complete cores
sheet-row-160,160,CFM56-7B,QEC & LRU Material,QEC / LRU,Hydro mechanical Unit (HMU),442598,R,1,,,7B_QEC,10,,https://images.typeform.com/images/nXCVdnv9inTx/image/default-firstframe.png,1,Include,,2026-10-05,Unknown; individual parts are not complete cores
sheet-row-161,161,CFM56-7B,QEC & LRU Material,QEC / LRU,LPT ACC Valve,C24937001-1,R,7,,,7B_QEC,11,,https://images.typeform.com/images/nXCVdnv9inTx/image/default-firstframe.png,7,Include,,2026-10-05,Unknown; individual parts are not complete cores
sheet-row-162,162,CFM56-7B,QEC & LRU Material,QEC / LRU,LPT ACC Valve,C24937001-1,S,2,,,7B_QEC,12,,https://images.typeform.com/images/nXCVdnv9inTx/image/default-firstframe.png,2,Include,,2026-10-05,Unknown; individual parts are not complete cores
sheet-row-163,163,CFM56-7B,QEC & LRU Material,QEC / LRU,LPT ACC Valve,C24937001-2A,R,1,,,7B_QEC,13,,https://images.typeform.com/images/nXCVdnv9inTx/image/default-firstframe.png,1,Include,,2026-10-05,Unknown; individual parts are not complete cores
sheet-row-164,164,CFM56-7B,QEC & LRU Material,QEC / LRU,Starter,3505945-9,R,1,,,7B_QEC,14,,https://images.typeform.com/images/nXCVdnv9inTx/image/default-firstframe.png,1,Include,,2026-10-05,Unknown; individual parts are not complete cores
sheet-row-165,165,Shared 5B / 7B result,Life Limited Parts,Core,HPC Stage 4-9 Spool,1588M89G03,O,1,575551,5458,Core_LLPs,1,Same source image returned for both engine selections; counted once.,https://images.typeform.com/images/jBpwzahQXc2E/image/default-firstframe.png,1,Include,,2026-10-05,Unknown; individual parts are not complete cores
sheet-row-166,166,Shared 5B / 7B result,Life Limited Parts,Core,HPT Rear Shaft,1864M90P05,R,1,575551,5458,Core_LLPs,2,Same source image returned for both engine selections; counted once.,https://images.typeform.com/images/jBpwzahQXc2E/image/default-firstframe.png,1,Include,,2026-10-05,Unknown; individual parts are not complete cores
sheet-row-167,167,Shared 5B / 7B result,Life Limited Parts,Core,Rotating CDP Seal,1523M35P01,R,1,575551,5458,Core_LLPs,3,Same source image returned for both engine selections; counted once.,https://images.typeform.com/images/jBpwzahQXc2E/image/default-firstframe.png,1,Include,,2026-10-05,Unknown; individual parts are not complete cores
sheet-row-168,168,Shared 5B / 7B result,Life Limited Parts,Core,HPC Stage 1-2 Spool,1558M31G07,R,1,575686,10006,Core_LLPs,4,Same source image returned for both engine selections; counted once.,https://images.typeform.com/images/jBpwzahQXc2E/image/default-firstframe.png,1,Include,,2026-10-05,Unknown; individual parts are not complete cores
sheet-row-169,169,Shared 5B / 7B result,Life Limited Parts,Core,HPC Stage 4-9 Spool,2048M20G04,R,1,575686,10006,Core_LLPs,5,Same source image returned for both engine selections; counted once.,https://images.typeform.com/images/jBpwzahQXc2E/image/default-firstframe.png,1,Include,,2026-10-05,Unknown; individual parts are not complete cores
sheet-row-170,170,Shared 5B / 7B result,Life Limited Parts,Core,HPT Disk,1498M43P07,R,1,575686,10006,Core_LLPs,6,Same source image returned for both engine selections; counted once.,https://images.typeform.com/images/jBpwzahQXc2E/image/default-firstframe.png,1,Include,,2026-10-05,Unknown; individual parts are not complete cores
sheet-row-171,171,Shared 5B / 7B result,Life Limited Parts,Core,HPT Front Rotating,2116M20P02,R,1,575686,10006,Core_LLPs,7,Same source image returned for both engine selections; counted once.,https://images.typeform.com/images/jBpwzahQXc2E/image/default-firstframe.png,1,Include,,2026-10-05,Unknown; individual parts are not complete cores
sheet-row-172,172,Shared 5B / 7B result,Life Limited Parts,Core,HPT Front Shaft,2048M21P03,R,1,575686,10006,Core_LLPs,8,Same source image returned for both engine selections; counted once.,https://images.typeform.com/images/jBpwzahQXc2E/image/default-firstframe.png,1,Include,,2026-10-05,Unknown; individual parts are not complete cores
sheet-row-173,173,Shared 5B / 7B result,Life Limited Parts,Core,HPT Rear Shaft,1864M90P04,R,1,575686,10006,Core_LLPs,9,Same source image returned for both engine selections; counted once.,https://images.typeform.com/images/jBpwzahQXc2E/image/default-firstframe.png,1,Include,,2026-10-05,Unknown; individual parts are not complete cores
sheet-row-174,174,Shared 5B / 7B result,Life Limited Parts,Core,HPC Stage 1-2 Spool,1558M31G07,R,1,575717,10003,Core_LLPs,10,Same source image returned for both engine selections; counted once.,https://images.typeform.com/images/jBpwzahQXc2E/image/default-firstframe.png,1,Include,,2026-10-05,Unknown; individual parts are not complete cores
sheet-row-175,175,Shared 5B / 7B result,Life Limited Parts,Core,HPC Stage 4-9 Spool,2048M20G04,R,1,575717,10003,Core_LLPs,11,Same source image returned for both engine selections; counted once.,https://images.typeform.com/images/jBpwzahQXc2E/image/default-firstframe.png,1,Include,,2026-10-05,Unknown; individual parts are not complete cores
sheet-row-176,176,Shared 5B / 7B result,Life Limited Parts,Core,HPT Disk,1498M43P07,R,1,575717,10003,Core_LLPs,12,Same source image returned for both engine selections; counted once.,https://images.typeform.com/images/jBpwzahQXc2E/image/default-firstframe.png,1,Include,,2026-10-05,Unknown; individual parts are not complete cores
sheet-row-177,177,Shared 5B / 7B result,Life Limited Parts,Core,HPT Front Rotating,2116M20P02,R,1,575717,10003,Core_LLPs,13,Same source image returned for both engine selections; counted once.,https://images.typeform.com/images/jBpwzahQXc2E/image/default-firstframe.png,1,Include,,2026-10-05,Unknown; individual parts are not complete cores
sheet-row-178,178,Shared 5B / 7B result,Life Limited Parts,Core,HPT Front Shaft,2048M21P03,O,1,575717,10003,Core_LLPs,14,Same source image returned for both engine selections; counted once.,https://images.typeform.com/images/jBpwzahQXc2E/image/default-firstframe.png,1,Include,,2026-10-05,Unknown; individual parts are not complete cores
sheet-row-179,179,Shared 5B / 7B result,Life Limited Parts,Core,Rotating CDP Seal,2116M25P01,O,1,575717,10003,Core_LLPs,15,Same source image returned for both engine selections; counted once.,https://images.typeform.com/images/jBpwzahQXc2E/image/default-firstframe.png,1,Include,,2026-10-05,Unknown; individual parts are not complete cores
sheet-row-180,180,Shared 5B / 7B result,Life Limited Parts,Core,HPC Forward Shaft,1386M56P03,R,1,577338,11065,Core_LLPs,16,Same source image returned for both engine selections; counted once.,https://images.typeform.com/images/jBpwzahQXc2E/image/default-firstframe.png,1,Include,,2026-10-05,Unknown; individual parts are not complete cores
sheet-row-181,181,Shared 5B / 7B result,Life Limited Parts,Core,HPC Stage 1-2 Spool,1558M31G07,R,1,577338,11065,Core_LLPs,17,Same source image returned for both engine selections; counted once.,https://images.typeform.com/images/jBpwzahQXc2E/image/default-firstframe.png,1,Include,,2026-10-05,Unknown; individual parts are not complete cores
sheet-row-182,182,Shared 5B / 7B result,Life Limited Parts,Core,HPC Stage 3 Disk,2116M23P01,R,1,577338,11065,Core_LLPs,18,Same source image returned for both engine selections; counted once.,https://images.typeform.com/images/jBpwzahQXc2E/image/default-firstframe.png,1,Include,,2026-10-05,Unknown; individual parts are not complete cores
sheet-row-183,183,Shared 5B / 7B result,Life Limited Parts,Core,HPC Stage 4-9 Spool,2048M20G04,R,1,577338,11065,Core_LLPs,19,Same source image returned for both engine selections; counted once.,https://images.typeform.com/images/jBpwzahQXc2E/image/default-firstframe.png,1,Include,,2026-10-05,Unknown; individual parts are not complete cores
sheet-row-184,184,Shared 5B / 7B result,Life Limited Parts,Core,HPT Disk,1498M43P07,R,1,577338,11065,Core_LLPs,20,Same source image returned for both engine selections; counted once.,https://images.typeform.com/images/jBpwzahQXc2E/image/default-firstframe.png,1,Include,,2026-10-05,Unknown; individual parts are not complete cores
sheet-row-185,185,Shared 5B / 7B result,Life Limited Parts,Core,HPT Front Rotating,2116M20P02,R,1,577338,11065,Core_LLPs,21,Same source image returned for both engine selections; counted once.,https://images.typeform.com/images/jBpwzahQXc2E/image/default-firstframe.png,1,Include,,2026-10-05,Unknown; individual parts are not complete cores
sheet-row-186,186,Shared 5B / 7B result,Life Limited Parts,Core,HPT Front Shaft,2048M21P03,R,1,577338,11065,Core_LLPs,22,Same source image returned for both engine selections; counted once.,https://images.typeform.com/images/jBpwzahQXc2E/image/default-firstframe.png,1,Include,,2026-10-05,Unknown; individual parts are not complete cores
sheet-row-187,187,Shared 5B / 7B result,Life Limited Parts,Core,HPT Rear Shaft,1864M90P04,R,1,577338,11065,Core_LLPs,23,Same source image returned for both engine selections; counted once.,https://images.typeform.com/images/jBpwzahQXc2E/image/default-firstframe.png,1,Include,,2026-10-05,Unknown; individual parts are not complete cores
sheet-row-188,188,Shared 5B / 7B result,Life Limited Parts,Core,Rotating CDP Seal,2116M25P01,R,1,577338,11065,Core_LLPs,24,Same source image returned for both engine selections; counted once.,https://images.typeform.com/images/jBpwzahQXc2E/image/default-firstframe.png,1,Include,,2026-10-05,Unknown; individual parts are not complete cores
sheet-row-189,189,Shared 5B / 7B result,Life Limited Parts,Core,HPT Rear Shaft,1864M90P05,O,1,697338,5968,Core_LLPs,25,Same source image returned for both engine selections; counted once.,https://images.typeform.com/images/jBpwzahQXc2E/image/default-firstframe.png,1,Include,,2026-10-05,Unknown; individual parts are not complete cores
sheet-row-190,190,Shared 5B / 7B result,Life Limited Parts,Core,HPC Forward Shaft,1386M56P03,R,1,779445,7467,Core_LLPs,26,Same source image returned for both engine selections; counted once.,https://images.typeform.com/images/jBpwzahQXc2E/image/default-firstframe.png,1,Include,,2026-10-05,Unknown; individual parts are not complete cores
sheet-row-191,191,Shared 5B / 7B result,Life Limited Parts,Core,HPT Rear Shaft,1864M90P04,R,1,779445,12421,Core_LLPs,27,Same source image returned for both engine selections; counted once.,https://images.typeform.com/images/jBpwzahQXc2E/image/default-firstframe.png,1,Include,,2026-10-05,Unknown; individual parts are not complete cores
sheet-row-192,192,Shared 5B / 7B result,Airfoils & Other Engine Material,Core,Hanger,1893M42G04,O,19,,,Core_Material,1,Same source image returned for both engine selections; counted once.,https://images.typeform.com/images/dZ9UFbenutBw/image/default-firstframe.png,19,Include,,2026-10-05,Unknown; individual parts are not complete cores
sheet-row-193,193,Shared 5B / 7B result,Airfoils & Other Engine Material,Core,"HPC Blade, Stg 9",P109P38,O,148,,,Core_Material,2,Same source image returned for both engine selections; counted once.,https://images.typeform.com/images/dZ9UFbenutBw/image/default-firstframe.png,148,Include,,2026-10-05,Unknown; individual parts are not complete cores
sheet-row-194,194,Shared 5B / 7B result,Airfoils & Other Engine Material,Core,"HPC Blade, Stg 9",P109P39,O,28,,,Core_Material,3,Same source image returned for both engine selections; counted once.,https://images.typeform.com/images/dZ9UFbenutBw/image/default-firstframe.png,28,Include,,2026-10-05,Unknown; individual parts are not complete cores
sheet-row-195,195,Shared 5B / 7B result,Airfoils & Other Engine Material,Core,"HPC Blade, Stg 9",P109P50,O,107,,,Core_Material,4,Same source image returned for both engine selections; counted once.,https://images.typeform.com/images/dZ9UFbenutBw/image/default-firstframe.png,107,Include,,2026-10-05,Unknown; individual parts are not complete cores
sheet-row-196,196,Shared 5B / 7B result,Airfoils & Other Engine Material,Core,"HPC Blade, Stg 9",P109P51,O,40,,,Core_Material,5,Same source image returned for both engine selections; counted once.,https://images.typeform.com/images/dZ9UFbenutBw/image/default-firstframe.png,40,Include,,2026-10-05,Unknown; individual parts are not complete cores
sheet-row-197,197,Shared 5B / 7B result,Airfoils & Other Engine Material,Core,HPC IGV,P210P04,O,167,,,Core_Material,6,Same source image returned for both engine selections; counted once.,https://images.typeform.com/images/dZ9UFbenutBw/image/default-firstframe.png,167,Include,,2026-10-05,Unknown; individual parts are not complete cores
sheet-row-198,198,Shared 5B / 7B result,Airfoils & Other Engine Material,Core,"HPC Vane Sector, Stg 7",P207G01,O,5,,,Core_Material,7,Same source image returned for both engine selections; counted once.,https://images.typeform.com/images/dZ9UFbenutBw/image/default-firstframe.png,5,Include,,2026-10-05,Unknown; individual parts are not complete cores
sheet-row-199,199,Shared 5B / 7B result,Airfoils & Other Engine Material,Core,"HPC Vane Sector, Stg 7",P207G02,O,2,,,Core_Material,8,Same source image returned for both engine selections; counted once.,https://images.typeform.com/images/dZ9UFbenutBw/image/default-firstframe.png,2,Include,,2026-10-05,Unknown; individual parts are not complete cores
sheet-row-200,200,Shared 5B / 7B result,Airfoils & Other Engine Material,Core,"HPC Vane Sector, Stg 8",P208G01,O,4,,,Core_Material,9,Same source image returned for both engine selections; counted once.,https://images.typeform.com/images/dZ9UFbenutBw/image/default-firstframe.png,4,Include,,2026-10-05,Unknown; individual parts are not complete cores
sheet-row-201,201,Shared 5B / 7B result,Airfoils & Other Engine Material,Core,"HPC Vane, Stg 1",P241P01,O,523,,,Core_Material,10,Same source image returned for both engine selections; counted once.,https://images.typeform.com/images/dZ9UFbenutBw/image/default-firstframe.png,523,Include,,2026-10-05,Unknown; individual parts are not complete cores
sheet-row-202,202,Shared 5B / 7B result,Airfoils & Other Engine Material,Core,HPT Blade,2100M96P02,O,2,,,Core_Material,11,Possible same physical stock: Core_Material: 2; HPT_Blades: 1. All matching listings excluded from column N; distinct stock not confirmed.,https://images.typeform.com/images/dZ9UFbenutBw/image/default-firstframe.png,,Overlap excluded,,2026-10-05,Unknown; individual parts are not complete cores
sheet-row-203,203,Shared 5B / 7B result,Airfoils & Other Engine Material,Core,HPT Nozzle Segment,1893M39G05,O,23,,,Core_Material,12,Same source image returned for both engine selections; counted once.,https://images.typeform.com/images/dZ9UFbenutBw/image/default-firstframe.png,23,Include,,2026-10-05,Unknown; individual parts are not complete cores
sheet-row-204,204,Shared 5B / 7B result,Airfoils & Other Engine Material,Core,HPT Nozzle Segment,2080M35G04,O,54,,,Core_Material,13,Same source image returned for both engine selections; counted once.,https://images.typeform.com/images/dZ9UFbenutBw/image/default-firstframe.png,54,Include,,2026-10-05,Unknown; individual parts are not complete cores
sheet-row-205,205,Shared 5B / 7B result,Airfoils & Other Engine Material,Core,HPT Nozzle Segment,2086M14G02,O,53,,,Core_Material,14,Same source image returned for both engine selections; counted once.,https://images.typeform.com/images/dZ9UFbenutBw/image/default-firstframe.png,53,Include,,2026-10-05,Unknown; individual parts are not complete cores
sheet-row-206,206,Shared 5B / 7B result,Airfoils & Other Engine Material,Core,HPT Stator Shroud,2118M94G02,O,18,,,Core_Material,15,Same source image returned for both engine selections; counted once.,https://images.typeform.com/images/dZ9UFbenutBw/image/default-firstframe.png,18,Include,,2026-10-05,Unknown; individual parts are not complete cores
sheet-row-207,207,Shared 5B / 7B result,Airfoils & Other Engine Material,Core,HPT Stator Shroud,2118M94G04,O,28,,,Core_Material,16,Same source image returned for both engine selections; counted once.,https://images.typeform.com/images/dZ9UFbenutBw/image/default-firstframe.png,28,Include,,2026-10-05,Unknown; individual parts are not complete cores
sheet-row-208,208,Shared 5B / 7B result,Airfoils & Other Engine Material,Core,"LPT Nozzle Segment, Stg 1",338-108-608-0,O,11,,,Core_Material,17,Same source image returned for both engine selections; counted once.,https://images.typeform.com/images/dZ9UFbenutBw/image/default-firstframe.png,11,Include,,2026-10-05,Unknown; individual parts are not complete cores
sheet-row-209,209,Shared 5B / 7B result,Airfoils & Other Engine Material,Core,"LPT Nozzle Segment, Stg 1",340-256-251-0,O,15,,,Core_Material,18,Same source image returned for both engine selections; counted once.,https://images.typeform.com/images/dZ9UFbenutBw/image/default-firstframe.png,15,Include,,2026-10-05,Unknown; individual parts are not complete cores
sheet-row-210,210,Shared 5B / 7B result,Airfoils & Other Engine Material,Core,LPT1 Nozzle Segment (boro),338-108-708-0,O,1,,,Core_Material,19,Same source image returned for both engine selections; counted once.,https://images.typeform.com/images/dZ9UFbenutBw/image/default-firstframe.png,1,Include,,2026-10-05,Unknown; individual parts are not complete cores
sheet-row-211,211,Shared 5B / 7B result,Airfoils & Other Engine Material,Core,LPT1 Nozzle Segment (boro),340-256-352-0,O,2,,,Core_Material,20,Same source image returned for both engine selections; counted once.,https://images.typeform.com/images/dZ9UFbenutBw/image/default-firstframe.png,2,Include,,2026-10-05,Unknown; individual parts are not complete cores
sheet-row-212,212,Shared 5B / 7B result,HPT Blades,HPT,HPT Blade,1957M10P01,R,3,,,HPT_Blades,1,Same source image returned for both engine selections; counted once.,https://images.typeform.com/images/L6cAQcs62ju4/image/default-firstframe.png,3,Include,,2026-10-05,Unknown; individual parts are not complete cores
sheet-row-213,213,Shared 5B / 7B result,HPT Blades,HPT,HPT Blade,1957M10P03,R,11,,,HPT_Blades,2,Same source image returned for both engine selections; counted once.,https://images.typeform.com/images/L6cAQcs62ju4/image/default-firstframe.png,11,Include,,2026-10-05,Unknown; individual parts are not complete cores
sheet-row-214,214,Shared 5B / 7B result,HPT Blades,HPT,HPT Blade,1957M10P04,R,1,,,HPT_Blades,3,Same source image returned for both engine selections; counted once.,https://images.typeform.com/images/L6cAQcs62ju4/image/default-firstframe.png,1,Include,,2026-10-05,Unknown; individual parts are not complete cores
sheet-row-215,215,Shared 5B / 7B result,HPT Blades,HPT,HPT Blade,1957M72P02,R,1,,,HPT_Blades,4,Same source image returned for both engine selections; counted once.,https://images.typeform.com/images/L6cAQcs62ju4/image/default-firstframe.png,1,Include,,2026-10-05,Unknown; individual parts are not complete cores
sheet-row-216,216,Shared 5B / 7B result,HPT Blades,HPT,HPT Blade,2002M52P14,R,1,,,HPT_Blades,5,Same source image returned for both engine selections; counted once.,https://images.typeform.com/images/L6cAQcs62ju4/image/default-firstframe.png,1,Include,,2026-10-05,Unknown; individual parts are not complete cores
sheet-row-217,217,Shared 5B / 7B result,HPT Blades,HPT,HPT Blade,2100M96P02,R,2,,,HPT_Blades,6,Same source image returned for both engine selections; counted once.,https://images.typeform.com/images/L6cAQcs62ju4/image/default-firstframe.png,2,Include,,2026-10-05,Unknown; individual parts are not complete cores
sheet-row-218,218,Shared 5B / 7B result,HPT Blades,HPT,HPT Blade,2100M96P02,O,1,,,HPT_Blades,7,Possible same physical stock: Core_Material: 2; HPT_Blades: 1. All matching listings excluded from column N; distinct stock not confirmed.,https://images.typeform.com/images/L6cAQcs62ju4/image/default-firstframe.png,,Overlap excluded,,2026-10-05,Unknown; individual parts are not complete cores
sheet-row-219,219,Shared 5B / 7B result,HPT Blades,HPT,HPT Blade,2100M96P03,R,4,,,HPT_Blades,8,Same source image returned for both engine selections; counted once.,https://images.typeform.com/images/L6cAQcs62ju4/image/default-firstframe.png,4,Include,,2026-10-05,Unknown; individual parts are not complete cores
sheet-row-220,220,Shared 5B / 7B result,HPT Blades,HPT,HPT Blade,2100M96P04,R,4,,,HPT_Blades,9,Same source image returned for both engine selections; counted once.,https://images.typeform.com/images/L6cAQcs62ju4/image/default-firstframe.png,4,Include,,2026-10-05,Unknown; individual parts are not complete cores
sheet-row-221,221,Shared 5B / 7B result,HPT Blades,HPT,HPT Blade,2100M96P05,R,6,,,HPT_Blades,10,Same source image returned for both engine selections; counted once.,https://images.typeform.com/images/L6cAQcs62ju4/image/default-firstframe.png,6,Include,,2026-10-05,Unknown; individual parts are not complete cores
