date,lane,title,detail,basis,source,locator
2025-11-18,AP platform,Dedicated module lines and training academy,"Montreal tour describes a rotable exchange pool and module-specialized lines. This is AP infrastructure that could support Power, not a dedicated Mod-1 line count.",Company-reported capabilities,tour,Slides 9–13
2026-06-30,Power investment,$46m Power inventory cash use in H1,Cash committed before the anchor contract's scheduled 2027 deliveries; H1 aggregate cannot be split into quarters.,Reported period amount,q2,Slides 22 and 29
2026-07-22,Customer funding,$1.465bn accepted J&F purchase order,Five-year master framework; initial order includes staged production and testing payments. Equipment price can fall by up to 10% for performance shortfall.,Signed order; company disclosure,contract,PDF pp. 1–2
2026-07-29,Power investment,$250m FY2026 Power investment outlook,"$46m H1 amount is included; implied remaining $204m is guidance arithmetic, not cash already spent.",Management guidance,q2,Slide 22
2026-07-29,Production readiness,Power-tagged Montreal / Rome expansion mapped,"Slide 7 maps +15,000 sq ft at Montreal and +50,000 sq ft at Rome with Power capability alongside AP / testing. These are shared expansion initiatives, not verified dedicated Mod-1 floor space. Global 3,000-module capacity includes partners and full utilization.",Company expansion disclosure / capacity target,q2,"Slides 7, 13 and endnotes"
2026-08-26,Production readiness,Senior Production & Capacity Planner,"Master production schedules, capacity models, labor and work-order release.","Cached source JSON-LD; posting date, not date hire completed",gensystems_planning,Unique reviewed posting; not a hire
2026-09-04,Customer funding,First customer advance reported received,"Jereh confirms receipt for the same $1.465bn order. Amount, percentage, receipt date and cash available to FTAI are undisclosed. It says no 2026 earnings impact from this order.",Reported receipt by meeting date,update,"PDF p. 2, question 2"
2026-09-04,Production readiness,Jereh reports expansion / rented factory space,Existing premises expanded and leased in China and North America; Dubai base progressing. Multiple turbine suppliers and programs share this capacity; no Mod-1 line rate disclosed.,Company-reported actions,update,"PDF p. 3, questions 3–4"
2026-09-17,Production readiness,Manufacturing & System Configuration Engineer,"Aligns CFM56-5B Power-engine BOMs, build sheets and production routers.","Cached source JSON-LD; posting date, not date hire completed",ftai_configuration,Unique reviewed posting; not a hire
2026-10-01,Production readiness,IC&E Technician,"Mobile gas-turbine package FAT, loop checks and load testing.","Cached source JSON-LD; posting date, not date hire completed",gensystems_test,Unique reviewed posting; not a hire
2027-11-01,Deliveries / earnings,Batch delivery deadline: before November 2027,Jereh's contract says before November; FTAI slide says through November. Keep the tighter wording visible; exact monthly acceptance schedule is unavailable.,"Contract schedule, not actual shipment",contract,"PDF p. 2, delivery term"
2027-12-31,Deliveries / earnings,100 Mod-1 units / $450m Power EBITDA target,"Company FY2027 targets, not observed throughput or booked earnings. No standalone realized Power EBITDA series or verified accepted-unit series is available in this audit.",Management guidance,release,Business highlights; Q1 release for 100-unit production target
