indicator,status
Power inventory cash use,H1 actual and FY2026 guidance found; quarterly split unavailable
Hiring,5 reviewed leads; 3 dated posting records; historical monthly census unavailable
Dedicated conversion / package capacity,Facility and functional evidence found; measured Mod-1 line rate unavailable
Customer funding,First advance reported received; amount and allocation unavailable
Procurement / imports,Supplier relationships disclosed; no identified Mod-1 BOM quantities or matched shipping series
Employees,No reviewed historical employee census by Power function/location
Deliveries / EBITDA,FY2027 targets found; realized standalone series unavailable
Lead / lag test,Sequence supports investment before planned monetization; a measured 6–18-month lag is not established
Additional industrial-engineer lead,"Posting 4393575980 indexed with Power layout/tooling duties, but direct page redirects as expired; excluded from an additional role count and monthly series."
