"scenario","month","quarter","plan","produced","accepted","coresRemaining","binding","basis"
"Slow","2026-10","Q4 2026","3.3333333333333335","3","0","195.71428571428572","ramp","Team scenario; not reported units"
"Slow","2026-11","Q4 2026","3.3333333333333335","3","0","191.42857142857144","ramp","Team scenario; not reported units"
"Slow","2026-12","Q4 2026","3.3333333333333335","4","3","185.71428571428572","ramp","Team scenario; not reported units"
"Slow","2027-01","Q1 2027","3.6666666666666665","3","3","181.42857142857144","ramp","Team scenario; not reported units"
"Slow","2027-02","Q1 2027","3.6666666666666665","4","4","175.71428571428572","ramp","Team scenario; not reported units"
"Slow","2027-03","Q1 2027","3.6666666666666665","4","3","170","ramp","Team scenario; not reported units"
"Slow","2027-04","Q2 2027","4.033333333333334","4","4","164.28571428571428","ramp","Team scenario; not reported units"
"Slow","2027-05","Q2 2027","4.033333333333334","4","4","158.57142857142856","ramp","Team scenario; not reported units"
"Slow","2027-06","Q2 2027","4.033333333333334","4","4","152.85714285714283","ramp","Team scenario; not reported units"
"Slow","2027-07","Q3 2027","4.436666666666668","4","4","147.1428571428571","ramp","Team scenario; not reported units"
"Slow","2027-08","Q3 2027","4.436666666666668","4","4","141.4285714285714","ramp","Team scenario; not reported units"
"Slow","2027-09","Q3 2027","4.436666666666668","5","4","134.28571428571425","ramp","Team scenario; not reported units"
"Slow","2027-10","Q4 2027","4.880333333333335","5","4","127.14285714285711","ramp","Team scenario; not reported units"
"Slow","2027-11","Q4 2027","4.880333333333335","5","5","119.99999999999997","ramp","Team scenario; not reported units"
"Slow","2027-12","Q4 2027","4.880333333333335","5","5","112.85714285714283","ramp","Team scenario; not reported units"
"Slow","2028-01","Q1 2028","5.368366666666669","5","5","105.7142857142857","ramp","Team scenario; not reported units"
"Slow","2028-02","Q1 2028","5.368366666666669","5","5","98.57142857142856","ramp","Team scenario; not reported units"
"Slow","2028-03","Q1 2028","5.368366666666669","6","5","89.99999999999999","ramp","Team scenario; not reported units"
"Base","2026-10","Q4 2026","5","5","0","192.85714285714286","ramp","Team scenario; not reported units"
"Base","2026-11","Q4 2026","5","5","5","185.71428571428572","ramp","Team scenario; not reported units"
"Base","2026-12","Q4 2026","5","5","5","178.57142857142858","ramp","Team scenario; not reported units"
"Base","2027-01","Q1 2027","5.75","5","5","171.42857142857144","ramp","Team scenario; not reported units"
"Base","2027-02","Q1 2027","5.75","6","5","162.85714285714286","ramp","Team scenario; not reported units"
"Base","2027-03","Q1 2027","5.75","6","6","154.28571428571428","ramp","Team scenario; not reported units"
"Base","2027-04","Q2 2027","6.6125","6","6","145.7142857142857","ramp","Team scenario; not reported units"
"Base","2027-05","Q2 2027","6.6125","7","6","135.7142857142857","ramp","Team scenario; not reported units"
"Base","2027-06","Q2 2027","6.6125","7","7","125.7142857142857","ramp","Team scenario; not reported units"
"Base","2027-07","Q3 2027","7.604374999999998","7","7","115.7142857142857","ramp","Team scenario; not reported units"
"Base","2027-08","Q3 2027","7.604374999999998","8","7","104.28571428571426","ramp","Team scenario; not reported units"
"Base","2027-09","Q3 2027","7.604374999999998","7","8","94.28571428571426","ramp","Team scenario; not reported units"
"Base","2027-10","Q4 2027","8.745031249999997","9","7","81.4285714285714","testing","Team scenario; not reported units"
"Base","2027-11","Q4 2027","8.745031249999997","8","9","69.99999999999997","testing","Team scenario; not reported units"
"Base","2027-12","Q4 2027","8.745031249999997","9","8","57.14285714285711","testing","Team scenario; not reported units"
"Base","2028-01","Q1 2028","10.056785937499997","8","9","45.71428571428568","testing","Team scenario; not reported units"
"Base","2028-02","Q1 2028","10.056785937499997","9","8","32.85714285714282","testing","Team scenario; not reported units"
"Base","2028-03","Q1 2028","10.056785937499997","8","9","21.428571428571388","testing","Team scenario; not reported units"
"Fast","2026-10","Q4 2026","6.666666666666667","6","6","191.42857142857142","ramp","Team scenario; not reported units"
"Fast","2026-11","Q4 2026","6.666666666666667","7","7","181.42857142857142","ramp","Team scenario; not reported units"
"Fast","2026-12","Q4 2026","6.666666666666667","7","7","171.42857142857142","ramp","Team scenario; not reported units"
"Fast","2027-01","Q1 2027","8","8","8","160","ramp","Team scenario; not reported units"
"Fast","2027-02","Q1 2027","8","8","8","148.57142857142858","ramp","Team scenario; not reported units"
"Fast","2027-03","Q1 2027","8","8","8","137.14285714285717","ramp","Team scenario; not reported units"
"Fast","2027-04","Q2 2027","9.6","8","8","125.71428571428574","testing","Team scenario; not reported units"
"Fast","2027-05","Q2 2027","9.6","9","9","112.85714285714288","testing","Team scenario; not reported units"
"Fast","2027-06","Q2 2027","9.6","8","8","101.42857142857144","testing","Team scenario; not reported units"
"Fast","2027-07","Q3 2027","11.519999999999998","9","9","88.57142857142858","testing","Team scenario; not reported units"
"Fast","2027-08","Q3 2027","11.519999999999998","8","8","77.14285714285715","testing","Team scenario; not reported units"
"Fast","2027-09","Q3 2027","11.519999999999998","9","9","64.28571428571429","testing","Team scenario; not reported units"
"Fast","2027-10","Q4 2027","13.823999999999998","8","8","52.85714285714286","testing","Team scenario; not reported units"
"Fast","2027-11","Q4 2027","13.823999999999998","9","9","40","testing","Team scenario; not reported units"
"Fast","2027-12","Q4 2027","13.823999999999998","8","8","28.57142857142857","testing","Team scenario; not reported units"
"Fast","2028-01","Q1 2028","16.588799999999996","9","9","15.714285714285712","testing","Team scenario; not reported units"
"Fast","2028-02","Q1 2028","16.588799999999996","8","8","4.285714285714283","testing","Team scenario; not reported units"
"Fast","2028-03","Q1 2028","16.588799999999996","3","3","0","feedstock","Team scenario; not reported units"
