id,name,electricalScopeMw,creditedSupplyMw,ceilingMw,creditType,note
ms_abilene,Microsoft Abilene,806.4,0,806.4,No numeric credit found; NOT proof of no contract,"Correct demand to two 336 MW IT buildings. The 900 MW figure is plant nameplate, not electrical load. Site OEM allocation is unresolved; portfolio turbine orders may cover it and cannot be assigned wholesale."
frontier,Frontier,1680.0,115,1565.0,Primary company disclosure of available power,Full design is 1.4 GW IT; first customer 1H27 is not full-campus delivery. Credit Oracle's 115 MW available power. Oracle and Vantage have multi-site VoltaGrid agreements; site allocation remains unresolved.
abilene_original,Stargate Abilene original,1200,200,1000,Minimum electricity for two100 MW energized buildings,Credit at least200 MW of electricity for the two100 MW buildings described as energized by Crusoe. Site-wide grid/equipment allocation remains unreconciled; 42% tenant delivery is not multiplied by1.2 GW electrical scope.
lighthouse,Lighthouse,1082.3999999999999,0,1082.3999999999999,No numeric credit found; NOT proof of no contract,We Energies selected. Exact supply agreement MW not reviewed; no numeric supply credit is not evidence the utility agreement is absent. Transmission completeness revoked September10; bridge fraction/duration unverified.
cheyenne,Cheyenne 1.8 GW campus,1800,0,1800,No numeric credit found; NOT proof of no contract,"April generation procurement agreement and over $200m customer contributions show supply procurement. Equipment MW unquantified; full 1.8 GW ceiling is an information gap, not an uncontracted order."
beacon,Beacon Point,1000,0,1000,No numeric credit found; NOT proof of no contract,"1,000 MW utility design/approvals for two phases. Interconnection approvals and prefunding do not independently document a quantified executed power-supply contract. Larger ceiling is not proven open demand."
pf1,Polaris Forge 1,480.0,100,380.0,Minimum electricity inferred from 100 MW IT operating,"400 MW IT lease is customer demand, not an electricity contract. 100 MW IT operating proves at least100 MW electric service; unquantified partially operating second building omitted from credit. Portfolio grid capacity not site allocated."
pf2,Polaris Forge 2,240.0,0,240.0,No numeric credit found; NOT proof of no contract,200 MW IT lease and power-backed portfolio. Company says land and/or executed utility agreements; exact site supply allocation not reconciled. No numeric credit does not mean no contract.
df1,Delta Forge 1,430,0,430,No numeric credit found; NOT proof of no contract,Use published430 MW gross campus scope; 300 MW IT is same site. Portfolio grid capacity does not resolve exact campus supply contract MW.
df2,Delta Forge 2,252.0,0,252.0,No numeric credit found; NOT proof of no contract,"210 MW IT, first service2028. Applied Digital's2.15 GW portfolio includes five campuses; exact campus supply allocation unresolved."
lake_mariner,Lake Mariner,525.6,102,423.6,Minimum electricity inferred from102 MW IT operating,"438 MW IT contracted,102 MW IT operating. Credit102 MW minimum electrical service. Grid strategy may cover the remaining campus; no numeric credit for future full-scope supply without reconciliation."
abernathy,Abernathy JV campus,201.6,0,201.6,No numeric credit found; NOT proof of no contract,"168 MW IT lease, power-controlled site and ownership sale. Utility supply contract volume unresolved; do not count JV sale as a new campus."
