id,name,operator,city,county,status,use,mw,units,models,hours,date,commissioning,eligible,reason,source,locator,lat,lon,locationBasis
longhorn,Longhorn Data Center,Abilene DC I,Abilene,Taylor,Historical initial NSR application,Primary gas (historical application),420,12,6 × 35 MW Solar Titan 350; 6 × 35 MW GE LM2500,,,,False,"Original configuration: Titan 8,760 h; GE up to 5,880 h/year. May be superseded. Current 26 MB technical application could not be acquired; do not treat this as current uncommitted capacity.",longhorn_record,"p. 33, process description",32.45,-99.73,Approximate city center
cloudburst,CloudBurst Next-Gen campus,CloudBurst,San Marcos area,,Conditional announcement,Proposed primary gas,1200,,,,2025-02-10,Q3 2026 target in 2025 announcement; not verified achieved,False,Gas agreement conditional on FID; turbine and permit evidence missing.,cloudburst,"Announcement, paragraphs 2–3",29.88,-97.94,Approximate city center
childress,Childress Data Center,Ie US Development Holdings 3,Childress,Childress,Administrative application,Unknown,,,,,2026-08-17,,False,Application existence does not establish primary gas demand. PDF text encoding prevents complete equipment extraction; visual review is outstanding.,childress,p. 2; Title V O4951,34.383232,-100.056272,TCEQ general-location marker; not exact surveyed site
sharka,Sharka Data Center,Sharka LLC,Midlothian,Ellis,Operating-permit renewal,Emergency generators,,,,,2025-12-22,,False,Existing campus renewal. Generator counts withheld under a confidential submission; not incremental primary-power demand.,sharka,"p. 9, executive summary; O4262",,,
cyrusone,CyrusOne DFW10/11/17 campus,CyrusOne,,,Administrative application,Unknown,,,,,2026-07-09,,False,Grouped permit record; not five independent demand projects. PDF text encoding prevents complete equipment extraction; visual review is outstanding.,cyrusone,Title V O4941,,,
vantage11,Vantage TX11,Vantage,San Antonio,Bexar,Technical application,Unknown,,,,,2025-07-17,,False,Correct TX11 document acquired but truncated/unparseable. Operating use remains unknown; no transfer of Microsoft permit details.,vantage11,Technical application 38602; O4791,29.42,-98.49,Approximate city center
vantage21,Vantage TX21 / TX2,Vantage,San Antonio,Bexar,Technical application,Emergency diesel,,65,MTU 20V4000G74S DS2800,,2025-07-17,,False,65 standby generators at full buildout. Emergency generation excluded from primary gas demand.,vantage21,"pp. 64–65, process description and Table 1; application 38600",29.42,-98.49,Approximate city center
austin2,Austin Data Center 2,Google,,,Tax registration only,Unknown,,,,,2025-01-15,,False,"Tax registration confirms listing, not construction or power equipment.",comptroller,Registered qualifying projects,,,
bexar1,Bexar 1,Amazon Data Services,,,Tax registration only,Unknown,,,,,2026-07-24,,False,Power supply and execution unverified.,comptroller,Registered qualifying projects,,,
richardson,C1 Richardson,C1 Richardson / Coreweave occupant,,,Tax registration only,Unknown,,,,,2025-05-08,,False,Existing campus listing is not evidence of incremental turbine demand.,comptroller,Registered qualifying projects,,,
dfw9,DataBank DFW9,DB Data Center Red Oak / Oracle occupant,,,Tax registration only,Unknown,,,,,2025-10-01,,False,Power supply and execution unverified.,comptroller,Registered qualifying projects,,,
helios,HELO1 DC / Helios,Galaxy Helios / Coreweave occupant,,,Tax registration only,Unknown,,,,,2021-06-08,,False,Registration effective date is not a commissioning date.,comptroller,Registered qualifying projects,,,
lbb01,LBB01 Data Center,Aligned / Lambda occupant,,,Tax registration only,Unknown,,,,,2026-07-10,,False,Turbine specification and primary-use evidence missing.,comptroller,Registered qualifying projects,,,
ntttx4,NTT Dallas TX4,NTT / Amazon occupant,,,Tax registration only,Unknown,,,,,2024-04-18,,False,No verified incremental gas demand.,comptroller,Registered qualifying projects,,,
stingray,Stingray,Cipher Stingray / Amazon occupant,,,Tax registration only,Unknown,,,,,2026-06-26,,False,Occupant identity is not evidence of an FTAI customer relationship.,comptroller,Registered qualifying projects,,,
