id,title,url,published,accessed,file,status,error,evidence,locator,review,browserReviewed,bytes,sha256,retrieved_utc,resolvedUrl
ftai_q2,FTAI Q2 2026 supplement,https://ir.ftaiaviation.com/static-files/a8601ed2-7367-4a33-898f-5163eb8b212d,2026-07-29,2026-10-05,data/raw/ftai_q2.pdf,unavailable,The read operation timed out,Browser-reviewed numeric disclosure or listing; detailed review limits are recorded in each project.,"slides 13, 20, 29, 42",Original PDF text and endnotes reviewed. Full-utilization capacity includes partnerships.,True,,,,
ftai_10q,FTAI Q2 2026 Form 10-Q,https://ir.ftaiaviation.com/static-files/bcc4dc23-f669-4f90-b681-db8e6365e93e,2026-07-31,2026-10-04,data/raw/ftai_10q.pdf,unavailable,The read operation timed out,Browser-reviewed numeric disclosure or listing; detailed review limits are recorded in each project.,,,,,,,
jereh_contract,Jereh contract announcement 2026-048,https://static.cninfo.com.cn/finalpage/2026-07-23/1225436739.PDF,2026-07-23,2026-10-04,data/raw/jereh_contract.pdf,downloaded,,,,,,90837,79c3f5d1138c858f1de7a27cb5869d2dd60cb3bc277bcfbf4528c1c02803765e,2026-10-04T23:03:50.310369+00:00,
jereh_update,Jereh public investor relations record 20260904,https://static.cninfo.com.cn/finalpage/2026-09-05/1225550221.PDF,2026-09-05,2026-10-04,data/raw/jereh_update.pdf,downloaded,,,,,,112596,2483239e641fc9890020b5662cc907df0223a183c3177fe980ea419ff2e12573,2026-10-04T23:03:50.342009+00:00,
ftai_contract,FTAI J&F contract announcement,https://ftandi.gcs-web.com/news-releases/news-release-details/ftai-announces-1465-billion-gas-turbine-generator-set-order,2026-07-22,2026-10-04,data/raw/ftai_contract.html,unavailable,The read operation timed out,,,,,,,,
tceq_index,TCEQ pending Title V applications,https://www.tceq.texas.gov/assets/public/permitting/air/reports/applications/titlev-pending-permits.html,,2026-10-04,data/raw/tceq_index.html,downloaded,,,,,,107806,dab86a93e2797b9e5c7741983a7775f3b601d3f3d960934040dd4bf5ba71ab38,2026-10-04T23:03:50.584334+00:00,
longhorn,Longhorn current technical application,https://www.tceq.texas.gov/assets/public/permitting/air/reports/applications/37589-tc.pdf,,2026-10-04,data/raw/longhorn.pdf,unavailable,The read operation timed out,Browser-reviewed numeric disclosure or listing; detailed review limits are recorded in each project.,,,,,,,
tceq_38510,TCEQ technical application 38510,https://www.tceq.texas.gov/assets/public/permitting/air/reports/applications/38510-tc.pdf,,2026-10-04,data/raw/tceq_38510.pdf,downloaded,,,,,,14641873,09c3c371eafc456bf8cc502f436aff78e566c70f8942734300b5841ba6c95364,2026-10-04T23:06:18.989091+00:00,
ge_specs,GE Vernova LM2500 product specifications,https://www.gevernova.com/gas-power/products/gas-turbines/lm2500.,,2026-10-04,data/raw/ge_specs.html,downloaded,,,,,,389485,962128dc0e9151eb6f5f06065238dbd6fa37b491979bf613ce59f469e7e902cb,2026-10-04T23:04:35.336277+00:00,
crusoe_ge,Crusoe / GE 29-unit aeroderivative order,https://www.crusoe.ai/resources/newsroom/ge-vernova-and-crusoe-announce-major-29-unit-gas-turbine-deal,2025-07-22,2026-10-04,data/raw/crusoe_ge.html,downloaded,,,,,,241363,438b076994999b8e7d2668737fef205523594d3a3f470647a483c2148e66f147,2026-10-04T23:04:36.725437+00:00,
cloudburst,Energy Transfer / CloudBurst gas supply agreement,https://ir.energytransfer.com/news-releases/news-release-details/energy-transfer-and-cloudburst-sign-agreement-natural-gas-supply/,2025-02-10,2026-10-04,data/raw/cloudburst.html,unavailable,The read operation timed out,Browser-reviewed numeric disclosure or listing; detailed review limits are recorded in each project.,,,,,,,
ercot,ERCOT public reports and large-load updates,https://www.ercot.com/news/presentations,,2026-10-04,data/raw/ercot.html,downloaded,,,,,,91430,71e8b92a3389bf13517d6ecbb75b2fb513345f03b6805a4d10931df26926eece,2026-10-04T23:04:37.115444+00:00,
eia860m,EIA monthly generator inventory,https://www.eia.gov/electricity/data/eia860m/,,2026-10-04,data/raw/eia860m.html,downloaded,,,,,,93644,8ac0472bb1eda09353b0ca2a1d85cc803b692b8626b7a43cd5193dc9d8193d6a,2026-10-04T23:04:47.476593+00:00,
faa,FAA releasable aircraft registry documentation,https://www.faa.gov/licenses_certificates/aircraft_certification/aircraft_registry/releasable_aircraft_download,,2026-10-04,data/raw/faa.html,downloaded,,,,,,113315,a925d64e5348e61dae042beb1c83f11a046fb6c97aedad7c1893544439492c2f,2026-10-04T23:04:38.251647+00:00,
faa_zip,FAA releasable aircraft database,https://registry.faa.gov/database/ReleasableAircraft.zip,,2026-10-04,data/raw/faa_zip.zip,downloaded,"IncompleteRead(41402091 bytes read, 31664161 more expected)",,,,,73066252,86ed524da7e1b7658fa5f250a91d3e3b7fa3be5784e9869887b526225eb3f186,,
eia_august_generator2026,EIA-860M august_generator2026,https://www.eia.gov/electricity/data/eia860m/xls/august_generator2026.xlsx,,2026-10-04,data/raw/eia_august_generator2026.xlsx,downloaded,,,,,,13955142,b4b70abb4c217e8e2658c3bde7608a3d530e86a81279ccc572ced82a200e9f1c,2026-10-04T23:09:17.872995+00:00,
eia_december_generator2025,EIA-860M december_generator2025,https://www.eia.gov/electricity/data/eia860m/archive/xls/december_generator2025.xlsx,,2026-10-04,data/raw/eia_december_generator2025.xlsx,downloaded,,,,,,13463993,1264f1c37cf51ef41319067c4c0915f951535851df93c97d02e2e823e337ea2b,2026-10-04T23:10:23.248678+00:00,
eia_december_generator2024,EIA-860M december_generator2024,https://www.eia.gov/electricity/data/eia860m/archive/xls/december_generator2024.xlsx,,2026-10-04,data/raw/eia_december_generator2024.xlsx,downloaded,,,,,,12520937,22c742b72fd7709d4632a92074fa968cc5a728b9c8f0cbc82959b327e0eba8e7,2026-10-04T23:11:17.045281+00:00,
comptroller,Texas registered qualifying data-center projects,https://comptroller.texas.gov/taxes/data-centers/data-center-lists.php,,2026-10-04,data/raw/comptroller.html,downloaded,,Browser-reviewed numeric disclosure or listing; detailed review limits are recorded in each project.,,,,183066,e867bd23745b21facc0bdcb4c5a7b17964160f9ac68aaca6aa89160416ab5cd7,,
childress,Childress Title V application,https://www.tceq.texas.gov/assets/public/permitting/air/reports/applications/40835-ac.pdf,,2026-10-04,data/raw/childress.pdf,downloaded,,Browser-reviewed numeric disclosure or listing; detailed review limits are recorded in each project.,,,,4350679,94a6a144a968914e903205208cb070e6b3d73d95861e60b402fa5e10cc53f0ed,,
sharka,Sharka Title V application,https://www.tceq.texas.gov/assets/public/permitting/air/reports/applications/39571-ac.pdf,,2026-10-04,data/raw/sharka.pdf,downloaded,,Browser-reviewed numeric disclosure or listing; detailed review limits are recorded in each project.,,,,4941750,16b0b8c4ed1940a710fad45c082ca3b781cba2fc8215ac69f68f1525b6a597a1,,
cyrusone,CyrusOne DFW Title V application,https://www.tceq.texas.gov/assets/public/permitting/air/reports/applications/40584-ac.pdf,,2026-10-04,data/raw/cyrusone.pdf,downloaded,,Browser-reviewed numeric disclosure or listing; detailed review limits are recorded in each project.,,,,22267396,143dda2d8ab8da2057c272918070d4b29d9f88411ffa0fe46cfdc43f5364fb4a,,
vantage11,Vantage TX11 technical application,https://www.tceq.texas.gov/assets/public/permitting/air/reports/applications/38602-tc.pdf,,2026-10-04,data/raw/vantage11.pdf,acquired; parsing failed,Stream has ended unexpectedly,Browser-reviewed numeric disclosure or listing; detailed review limits are recorded in each project.,,,,7826188,a95db793a8b522f33649f4fe1b2d9290b61c53e0a5a52693c0702a712b0c59e4,,
vantage21,Vantage TX21 technical application,https://www.tceq.texas.gov/assets/public/permitting/air/reports/applications/38600-tc.pdf,,2026-10-04,data/raw/vantage21.pdf,downloaded,,Browser-reviewed numeric disclosure or listing; detailed review limits are recorded in each project.,,,,15434947,d8ab8408e19c06c25d4dc77cd304bac92c2650dc40fcb408332b1b3d82126643,,
ftai_sec,FTAI Q2 2026 SEC filing,https://www.sec.gov/Archives/edgar/data/1590364/000162828026051412/ftai-20260630.htm,,2026-10-04,data/raw/ftai_sec.html,unavailable,HTTP Error 403: Forbidden,,,,,,,,
longhorn_record,Longhorn original NSR application,https://records.tceq.texas.gov/cs/idcplg?IdcService=TCEQ_EXTERNAL_SEARCH_GET_FILE&Rendition=Web&dID=8117448,,2026-10-04,data/raw/longhorn_record.pdf,downloaded,,,,,,7190327,776fb90c5488af96062b0a616ff43e8b8b9607edc9a0b86bf02bdf8db72b58e4,,
safran_outlook,Safran FY2025 / 2028 investor update,https://www.safran-group.com/download/media/450393,2026-02-13,2026-10-05,,unavailable,HTTP Error 403: Forbidden,,slide 20,Original PDF text reviewed. No chart bar heights digitized.,True,,,,
safran_h1_2026,Safran H1 2026 results,https://www.safran-group.com/pressroom/safran-reports-its-first-half-2026-results-2026-07-28,2026-07-28,2026-10-05,,unavailable,HTTP Error 403: Forbidden,,Organic revenue / propulsion,Civil spare-parts growth includes CFM56 and LEAP; not a CFM56 visit count.,True,,,,
ftai_q2_release,FTAI Q2 2026 results / FY2027 guidance,https://ftandi.gcs-web.com/news-releases/news-release-details/ftai-aviation-ltd-reports-second-quarter-2026-results-increases,2026-07-29,2026-10-05,,unavailable,The read operation timed out,,Business highlights,"Guidance is management expectations, not sell-side consensus.",True,,,,
crusoe_microsoft,Crusoe Microsoft Abilene campus,https://www.crusoe.ai/resources/newsroom/crusoe-announces-new-900-mw-ai-factory-campus-in-abilene-texas-to-support-microsoft-ai-infrastructure,2026-03-27,2026-10-05,,downloaded,,,Energy-first AI infrastructure,900 MW on-site plant; two 336 MW IT buildings. Utility energization date and supplier allocation absent.,True,239216,775c3869801f66ebbadba24c16b86223866a1e0940792b69a0e8cf19ceba5ca0,,
crusoe_abilene,Crusoe original Abilene campus,https://www.crusoe.ai/resources/newsroom/crusoe-expands-ai-data-center-campus-in-abilene-to-1-2-gigawatts,2025-03-18,2026-10-05,,downloaded,,,Campus capacity and backup supply,Do not classify backup turbines as unsatisfied primary demand.,True,241460,04dadf3b8300ec7bedca303fa2ea56188d930d2b99898dc3af6e6a2f5f12f297,,
crusoe_bergen,Crusoe / Bergen genset procurement,https://www.crusoe.ai/resources/newsroom/bergen-engines-signs-approx-750mw-u-s-power-agreement-with-crusoe-for-ai-data-centers,2026-06,2026-10-05,,downloaded,,,Initial contract and delivery schedule,438 MW initial contract + 310 MW LOI. Multiple undisclosed sites; not assigned to Microsoft Abilene.,True,241741,9f9b1dcf768666a87836f82a409b0269fafed690f52f17b98236445b0fa2069b,,
oracle_site_update,Oracle five-site progress update,https://blogs.oracle.com/ceo/from-the-q4-earnings-call,2026-06,2026-10-05,,unavailable,HTTP Error 403: Forbidden,,Five largest sites,Customer delivery is not a grid energization date.,True,,,,
vantage_frontier,Vantage Frontier campus announcement,https://vantage-dc.com/news/vantage-data-centers-unveils-plans-for-frontier-a-25b-mega-campus-in-texas-to-meet-unprecedented-ai-demand/,2025-08-19,2026-10-05,,unavailable,HTTP Error 403: Forbidden,,Campus overview and first delivery,"1,400 MW GPU/IT capacity, not electrical facility input. Original H2 2026 schedule differs from Oracle's later 1H 2027 customer delivery.",True,,,,
vantage_lighthouse,Vantage Lighthouse campus specifications,https://vantage-dc.com/data-center-locations/north-america/port-washington-wisconsin,,2026-10-05,,Browser reviewed; no bulk snapshot,,,Campus overview / power,"Current page specifies 902 MW IT, completion 2028, We Energies supply. Prefer this over older approximate 1 GW headlines.",True,,,,
oracle_jupiter,Oracle revised Project Jupiter power plan,https://www.oracle.com/news/announcement/public-review-opens-for-updated-project-jupiter-power-plan-2026-06-03/,2026-06-03,2026-10-05,,downloaded,,,Updated April permit application,Bloom fuel cells replace the earlier gas turbine and diesel design.,True,32184,c1cd0fc70c2bcc19780036b7afd0f4065883759c8ea42880b5bd05c87facc76b,,
saline_brief,Michigan AG Saline / DTE appeal brief,https://www.michigan.gov/ag/-/media/Project/Websites/AG/releases/2026/August/U-21990_AG_Appeal-Brief_380362_380364_380878.pdf?hash=72E2301BC667221A3A45D752047F7F4E&rev=ac0f30a1536c42f0bb28fcb1cb441a29,2026-08-06,2026-10-05,,Browser reviewed; no bulk snapshot,,,"PDF p. 21, statement of facts; quoting DTE application",1.4 GW load ramps Jan–Dec 2027. It does not establish an uncovered load interval.,True,,,,
saline_dte,DTE Saline planned service timing,https://www.dteenergy.com/us/en/newsroom/2026/DTE-Energy-intends-to-pause-future-electric-rate-requests-following-upcoming-filing-as-data-centers-come-online.html,2026-05,2026-10-05,,Browser reviewed; no bulk snapshot,,,First data-center project by end-2027,Utility target is conditional. No full monthly service ramp disclosed here.,True,,,,
dominion_gs5,Dominion GS-5 large-load report,https://sustainability.dominionenergy.com/GS-5%20Large%20Load%20Rate%20Class%20Report.pdf,2026-05,2026-10-05,,downloaded,,,"p. 2, energization queue; pp. 4–5, contracting",45 GW has no assigned energization date; 25 GW assigned through 2031. Not independent of PJM data.,True,13831372,400960b6d54f7d37761405bf38ea0d9f9358dc836ae4afe7f0445516c9e5eb92,,
dominion_apollo,Dominion Twin Creeks / Apollo filing,https://www.dominionenergy.com/-/media/content/about/power-line-projects/nova/pdfs/application-documents/application-volume-3-of-3-2024.pdf,2024,2026-10-05,,unavailable,Cannot find Root object in pdf,,Indexed project need text and substation schedule,"Full PDF acquisition failed. 1,372 MW cluster and 2028 Lunar/Apollo text are screening leads; current scope and dates unverified.",True,9751708,9e303b145a71479eb86ad0b581ab56139cbaf458916441dfaaafe7d099c2fc67,,
pjm_2026,PJM revised 2026 load forecast,https://insidelines.pjm.com/pjms-updated-20-year-forecast-continues-to-see-significant-long-term-load-growth/,2026-01-14,2026-10-05,,downloaded,,,Forecast comparison table / firm commitments,"2027 peak 160,451 MW, down 3,735 from prior forecast. System peak is not data-center load or a turbine TAM.",True,185759,855728904a359c508b218f3905aa2d74277619908c1236716bb23e281679f647,,
ceros_inventory,FTAI / AAR CFM56 material page,https://view.ceros.com/fortress-investment/cfm56material/p/1,2024-02-07,2026-10-05,,downloaded,,,Embedded publication metadata / module program,60-module shelf claim is historical marketing. Responsive duplicates are not additional inventory.,True,79135,3d3dea0cd5b29e5762d31f8e54043163971894425df137c8dfb5cab7d79aff7c,,
ceros_payload,Public Ceros interaction payload,https://media.ceros.com/fortress-investment/doc-version-json/v11/experience-version-65c3e59f6da8b.js,2024-02-07,2026-10-05,,downloaded,,,Module Store click interactions,"Links to Salesforce self-registration, not a downloadable public serial list.",True,1522393,2640b4a3f2d893e2c4effd4d57f31d5a5b81cd5d33b6809c4d78216d68d7b8e9,,
module_store,FTAI Module Store registration destination,https://ftaiaviation.force.com/modulestore/s/login/SelfRegister,,2026-10-05,,unavailable,<urlopen error [Errno 11001] getaddrinfo failed>,,Destination linked by Ceros,Destination did not resolve during acquisition. No authenticated stock data accessed.,False,,,,
wayback_ceros,Wayback CDX inventory-page capture index,https://web.archive.org/cdx/search/cdx?url=view.ceros.com%2Ffortress-investment%2Fcfm56material%2Fp%2F1&output=json&filter=statuscode%3A200&collapse=timestamp%3A6&limit=12,,2026-10-05,,downloaded,,,Indexed captures; oldest and latest in returned limited set,Limited index query is not a complete archive census. Two HTML captures independently acquired.,True,2478,d746f825be9ed1f66c52a1d5df54afc87a3ebb453304432d5909693fe07e52be,,
market_quote,FTAI quote-provider observation,https://finance.yahoo.com/quote/FTAI/,2026-10-05 America/Chicago,2026-10-05,,Browser reviewed; no bulk snapshot,,,Finance tool: latest trade 2026-10-06 00:15:00 UTC,"Price 164.70 from finance tool. Yahoo page returned 429; link is a quote lookup, not an independent corroboration. No live refresh or consensus implied.",False,,,,
inventory_sheet,User-supplied FTAI inventory Google Sheet,https://docs.google.com/spreadsheets/d/17v30PxGEzR5UNq8yL1Gxf-IGMwjgZEvrmreZQnM9N_U/edit?gid=1561108781,,2026-10-05,,downloaded,,,"gid 1561108781, header row 4; quantities in N; control N3","User-supplied compilation of displayed stock images. Column N controls included quantity; 14 possible-overlap rows and 2 unresolved identifier rows are not counted. Stock dates, ownership and Power qualification are not established. An ESN attached to LLPs identifies provenance, not a complete available engine. Two of 12 source images spot-checked: 5B LPT material and Core LLPs; full transcription reconciliation outstanding.",False,47612,ca5239024c51aa97a6d01d5e084261142ad26b103af006ef718982cf27aff19d,,https://doc-00-2g-sheets.googleusercontent.com/export/f3kk9gtum31ktuqh54kn7i1e14/vu6mjsj6edibi1pkk1npvt8svk/1791252895000/100341597857023497526/*/17v30PxGEzR5UNq8yL1Gxf-IGMwjgZEvrmreZQnM9N_U?format=csv&gid=1561108781
gev_capacity,GE Vernova Q2 2026 supply guidance,https://www.gevernova.com/news/articles/ge-vernova-releases-second-quarter-2026-financial-results,2026-07-22,2026-10-05,,Browser-reviewed public source; raw capture unavailable,,,Results highlights and CEO statement,Global supply pressure; free 2027–28 slots undisclosed,,,,,
jereh_careers,Jereh official careers page,https://www.jereh-nag.com/careers/careers.jsp,,2026-10-05,,Browser-reviewed public source; raw capture unavailable,,,Six displayed titles; release labels July 2025,Historical matched opening counts unavailable,,,,,
jereh_sourcing,Jereh gas-turbine sourcing role,https://www.linkedin.com/jobs/view/senior-strategic-sourcing-manager-%E2%80%93-power-generation-gas-turbines-at-jereh-north-america-group-4469616069,,2026-10-05,,Browser-reviewed public source; raw capture unavailable,,,"Employer-posted description, ID 4469616069",Exact posting date unknown; capability signal only,,,,,
faa_llp,FAA engine life-limited parts guidance,https://www.faa.gov/documentLibrary/media/Advisory_Circular/AC_33_70-1_Chg_1.pdf,2017-02-24,2026-10-05,,Browser-reviewed public source; raw capture unavailable,,,AC 33.70-1 Change 1,Operating limits and records; aircraft age is not engine eligibility,,,,,
ftai_recruiting,FTAI company recruiting campaign,https://www.linkedin.com/posts/ftai-aviation-llc_ftaiaviation-powerfortheaftermarket-ftaipower-activity-7456058491481464832-uGku,,2026-10-05,,Browser-reviewed public source; raw capture unavailable,,,Company post indexed with FTAI Power tag,Exact posting date unverified; not a job-count series,,,,,
